-- phpMyAdmin SQL Dump
-- version 4.4.14
-- http://www.phpmyadmin.net
--
-- Servidor: 127.0.0.1
-- Tiempo de generación: 28-11-2017 a las 16:22:29
-- Versión del servidor: 5.6.26
-- Versión de PHP: 5.6.12

SET SQL_MODE = "NO_AUTO_VALUE_ON_ZERO";
SET time_zone = "+00:00";


/*!40101 SET @OLD_CHARACTER_SET_CLIENT=@@CHARACTER_SET_CLIENT */;
/*!40101 SET @OLD_CHARACTER_SET_RESULTS=@@CHARACTER_SET_RESULTS */;
/*!40101 SET @OLD_COLLATION_CONNECTION=@@COLLATION_CONNECTION */;
/*!40101 SET NAMES utf8mb4 */;

--
-- Base de datos: `myblog`
--

-- --------------------------------------------------------

--
-- Estructura de tabla para la tabla `categories`
--

CREATE TABLE IF NOT EXISTS `categories` (
  `id` int(10) unsigned NOT NULL,
  `name` varchar(128) COLLATE utf8mb4_unicode_ci NOT NULL,
  `slug` varchar(128) COLLATE utf8mb4_unicode_ci NOT NULL,
  `body` mediumtext COLLATE utf8mb4_unicode_ci,
  `created_at` timestamp NULL DEFAULT NULL,
  `updated_at` timestamp NULL DEFAULT NULL
) ENGINE=InnoDB AUTO_INCREMENT=21 DEFAULT CHARSET=utf8mb4 COLLATE=utf8mb4_unicode_ci;

--
-- Volcado de datos para la tabla `categories`
--

INSERT INTO `categories` (`id`, `name`, `slug`, `body`, `created_at`, `updated_at`) VALUES
(1, 'Nihil odio omnis perspiciatis aut aut.', 'nihil-odio-omnis-perspiciatis-aut-aut', 'Consequatur incidunt quia omnis esse et ipsa. Velit libero voluptatibus ut delectus neque quis. Rerum est ex aut. Deserunt eos id modi. Ut ipsum quo in eos libero quam. Molestias ea reprehenderit voluptas. Est ad maxime et unde. Eum voluptatem quibusdam quisquam tempora voluptatem natus. Aliquid nihil eos aut quisquam facere. Et est voluptas et velit. Blanditiis non quo dolor ratione excepturi. Quibusdam iure distinctio consectetur ea perspiciatis porro. Sequi non cupiditate vel enim quia.', '2017-11-28 19:13:00', '2017-11-28 19:13:00'),
(2, 'Unde porro quia velit est.', 'unde-porro-quia-velit-est', 'Iure facere rerum minus accusantium nulla dolores. Molestiae in itaque consectetur reprehenderit. Nihil et alias quos explicabo magni quia. Ipsa cum velit beatae rerum ipsa est. Repellat aspernatur soluta ipsum id nam nam dolorem. Aut aut ut excepturi et praesentium velit aut. Dolorem aut aut ut repudiandae nihil labore. Temporibus quis rerum harum omnis recusandae ut.', '2017-11-28 19:13:00', '2017-11-28 19:13:00'),
(3, 'Dolor dignissimos distinctio ea.', 'dolor-dignissimos-distinctio-ea', 'Ex qui fuga nemo dignissimos. Voluptatem qui a non. Id nulla porro ut exercitationem eaque est ipsum molestiae. Fugiat velit accusantium libero illum voluptas dicta. Repellat magnam recusandae temporibus. Numquam natus quaerat sit. Libero tempore ut sint at nostrum voluptate ipsam eum. Nostrum dolores aspernatur omnis ad tenetur harum autem. Autem veniam est nesciunt distinctio.', '2017-11-28 19:13:00', '2017-11-28 19:13:00'),
(4, 'Placeat nostrum consequatur sint repellendus.', 'placeat-nostrum-consequatur-sint-repellendus', 'Incidunt et enim eum cum tenetur eos. Sit saepe ut aliquam ut nihil. Non inventore modi explicabo ea quod dolorem facere. Molestiae hic explicabo aut architecto assumenda architecto odio. Atque dicta fugiat quia doloribus est suscipit repellat. Atque sed et sed voluptates recusandae est. Est et fugiat tempora corporis eum in qui. Non dolores quo ad mollitia. Enim et ad ut vero id blanditiis. Officiis eligendi in modi consequuntur deserunt. Quia ut porro et quam consequuntur enim.', '2017-11-28 19:13:00', '2017-11-28 19:13:00'),
(5, 'Ut deleniti sit dolor sunt ut.', 'ut-deleniti-sit-dolor-sunt-ut', 'Est maxime quidem qui aut commodi consequatur sequi. Eum quas aperiam beatae velit facere corporis. Error quae sunt numquam ducimus velit numquam aperiam. Ut vel vitae et sequi. Accusantium aut aut dolores veniam iusto non. Possimus molestiae et dolorum deleniti dolores incidunt. Neque commodi qui et iste tempore sed a.', '2017-11-28 19:13:00', '2017-11-28 19:13:00'),
(6, 'Quod quia sed neque possimus laboriosam.', 'quod-quia-sed-neque-possimus-laboriosam', 'Rerum quo natus ea et et minus molestias qui. Corrupti est et harum fuga. Aut nostrum voluptatem labore ipsa est. Ratione amet culpa adipisci est ratione rerum. Rem repellendus eos perferendis rerum ut porro enim. Eveniet et illo quas. In sint similique sed placeat. Eos sed reprehenderit qui quia suscipit cupiditate.', '2017-11-28 19:13:00', '2017-11-28 19:13:00'),
(7, 'Omnis voluptatem aut voluptatem eius quas.', 'omnis-voluptatem-aut-voluptatem-eius-quas', 'Sequi et temporibus autem veniam et. Quo voluptatem sint est sit fugit ea quo. Sit quas impedit autem ullam at. Perferendis laudantium consequatur esse maxime. Placeat quod sunt magnam saepe iure non. Est quam deleniti quasi atque id sed. Necessitatibus illum sit quos. Et qui repudiandae mollitia odio dolor id. Nihil similique non nam et aliquam quia architecto velit. Ad provident saepe cumque et. Qui aut libero maiores suscipit mollitia.', '2017-11-28 19:13:00', '2017-11-28 19:13:00'),
(8, 'Alias perspiciatis illo sunt eveniet.', 'alias-perspiciatis-illo-sunt-eveniet', 'Voluptatem omnis tenetur qui voluptatem. Numquam aliquid est libero quae aliquid. Hic magnam nihil est. Quia sunt omnis aliquid alias aperiam nesciunt. Cupiditate qui cum quam saepe hic. Sint et et deleniti ullam libero vel. Vitae tempore voluptatem et et. Quisquam molestiae reiciendis saepe fugit occaecati quam. Vel autem id amet sed enim. Exercitationem distinctio rerum magni quibusdam temporibus.', '2017-11-28 19:13:00', '2017-11-28 19:13:00'),
(9, 'Aliquam non non.', 'aliquam-non-non', 'Nostrum dicta et eius impedit. Nobis omnis corporis ut odio a delectus fugiat. Qui quo architecto quis excepturi. Autem consequatur distinctio dolorem et iusto eos temporibus. Sint fugit tempore voluptas optio voluptas. Ratione iure ut debitis eveniet veritatis maiores. Cupiditate laborum delectus tempore est. Laboriosam fugit ut vel quasi illo sequi.', '2017-11-28 19:13:00', '2017-11-28 19:13:00'),
(10, 'Ut provident explicabo et.', 'ut-provident-explicabo-et', 'Aut rerum sint atque illo aut architecto ut. Quia ad esse vitae excepturi. Minus sit quod repellat quod qui quia harum. Inventore explicabo sequi odit cum. Id ipsam itaque nesciunt odio beatae alias et pariatur. Minima omnis rerum repellendus blanditiis. Sed maiores at doloremque minima vero consequatur. Accusamus qui delectus omnis reiciendis nobis. Dolores cumque quasi iusto et distinctio.', '2017-11-28 19:13:00', '2017-11-28 19:13:00'),
(11, 'Quidem aperiam omnis vel.', 'quidem-aperiam-omnis-vel', 'Possimus maxime odit veniam praesentium quia laudantium maiores. Nihil reiciendis qui et corporis quasi. Dolores aut animi et excepturi. Aut sint dolores nostrum sunt. Distinctio ullam ut ullam. Qui aliquam quo eaque eum repudiandae ea officia. Sit non minima et sed harum et nihil. Quos facere nostrum quibusdam rerum expedita quisquam qui. Sit eos similique id sunt alias.', '2017-11-28 19:13:00', '2017-11-28 19:13:00'),
(12, 'Et blanditiis ullam accusamus adipisci.', 'et-blanditiis-ullam-accusamus-adipisci', 'Aperiam laudantium sint ut adipisci porro. Assumenda eligendi minus harum repudiandae. Atque ea ut quam pariatur modi iste et. Nihil consequatur rerum ut laborum omnis optio temporibus laborum. Ea sit voluptatem doloremque. Rerum eius et recusandae consequatur. Dolores temporibus sed sed aut facilis dolorum animi. Nihil quia ratione laborum earum sit dolorum quis maxime. Amet rem et qui nostrum tempore est non fugiat. Et enim totam deserunt nesciunt eos impedit ut.', '2017-11-28 19:13:00', '2017-11-28 19:13:00'),
(13, 'In nam expedita ea magni.', 'in-nam-expedita-ea-magni', 'Et soluta ea consequatur sit quod in. Dolorem quaerat dolorem illo ex voluptatem molestias. Repellendus aut et et. Et sunt alias fugiat facilis qui magnam magnam. Iure rem ut dicta consequuntur. Unde ut quas et dolor eos. Rerum aliquam cumque quo iure doloremque est modi. Recusandae corporis assumenda aliquam. Minus in dolores voluptatum molestiae sed et voluptas quia.', '2017-11-28 19:13:00', '2017-11-28 19:13:00'),
(14, 'Voluptatum aut eum qui ab.', 'voluptatum-aut-eum-qui-ab', 'At beatae nobis fugiat architecto dolor id et. Nemo enim aut aut aut qui. Quia tempora velit veniam id consequatur est hic. Rerum libero laudantium repudiandae culpa animi. Est voluptatum non similique repellendus in est. Id eos rem culpa excepturi animi. Tenetur veniam ut cumque sit debitis. Repudiandae recusandae ducimus fuga eligendi voluptatibus dolores sapiente.', '2017-11-28 19:13:00', '2017-11-28 19:13:00'),
(15, 'Consectetur placeat aut quidem.', 'consectetur-placeat-aut-quidem', 'Dicta deserunt mollitia quo quis suscipit. Laboriosam est occaecati sapiente quis cum. Ad esse in quidem exercitationem mollitia et aspernatur accusamus. Nihil voluptas aut iure et et laudantium quis. Quas dolore omnis et optio incidunt. Consequuntur vel dolorem eos aut unde consectetur. Numquam id veniam enim mollitia fuga. Voluptas in earum esse qui minima. Voluptas possimus asperiores est maiores magnam asperiores eum.', '2017-11-28 19:13:00', '2017-11-28 19:13:00'),
(16, 'Omnis quos beatae similique.', 'omnis-quos-beatae-similique', 'Non nesciunt repellendus perferendis. Enim nemo est quia eius illum. Laudantium quia sit neque non quibusdam voluptatem officiis voluptatem. Earum et aut voluptate aut earum. Fuga voluptatem laborum numquam saepe sequi. Nisi impedit et libero sunt est tempora voluptatem minima. Amet maiores doloribus qui quis nesciunt voluptatum. Amet ut ut distinctio repudiandae impedit. Ut a vel ullam cum. Enim nihil nostrum itaque id. Aut sed nemo autem.', '2017-11-28 19:13:00', '2017-11-28 19:13:00'),
(17, 'Omnis praesentium soluta pariatur magnam aut.', 'omnis-praesentium-soluta-pariatur-magnam-aut', 'Nesciunt ut doloremque dolor aliquam ipsa corporis. Doloremque recusandae fuga libero et tempore atque hic. Eaque consequatur cumque accusantium commodi dolorem est. Consequatur aut minima dolorem provident aliquid amet dolore. Accusamus et quaerat commodi unde. Eos ipsa atque ut qui cupiditate reiciendis qui iure. Culpa ipsa hic blanditiis architecto harum quia. Maxime maxime vitae quos sed sit eligendi rerum. Occaecati quo ut velit quis. Est et et tempora laborum.', '2017-11-28 19:13:00', '2017-11-28 19:13:00'),
(18, 'Ipsa magni tempore sed.', 'ipsa-magni-tempore-sed', 'Itaque aliquam nostrum voluptatem accusamus similique aperiam quisquam. Perferendis quasi quae quae tempora aperiam nobis. Et est praesentium rerum. Doloremque ipsum vel eos. Aut nisi blanditiis vel nihil. Et a ut quisquam quibusdam. Omnis aut fugit a reprehenderit est eligendi. Ullam dolores eveniet hic maiores quos libero est at. Aspernatur commodi voluptas accusantium voluptas autem.', '2017-11-28 19:13:00', '2017-11-28 19:13:00'),
(19, 'A autem labore cumque.', 'a-autem-labore-cumque', 'Dolorem et provident aspernatur necessitatibus perspiciatis reiciendis. Omnis repellat voluptas qui ut. Tenetur maxime officia ipsum exercitationem maiores odit. Qui esse temporibus culpa eum. Libero voluptas est possimus illum. Accusantium quos sed quae voluptas non. Rerum ut accusantium eos reprehenderit distinctio. Praesentium sunt ea molestiae id dolor sunt. Tenetur amet sequi et fuga sint suscipit omnis.', '2017-11-28 19:13:00', '2017-11-28 19:13:00'),
(20, 'Ea ullam eos suscipit.', 'ea-ullam-eos-suscipit', 'Enim maiores rerum maxime aliquam consequuntur. Sint laboriosam ullam omnis qui quia et cumque. Tenetur vel voluptas officia reprehenderit. Distinctio sint cumque doloribus aut quasi. Qui asperiores et eveniet voluptatem ut quod ut quis. Unde suscipit unde sed maxime. Reiciendis voluptatem aspernatur est eius maiores unde officia. Commodi accusamus quia distinctio delectus omnis dolore facere. Sunt repudiandae minus unde enim suscipit. Porro et voluptas eum rem.', '2017-11-28 19:13:00', '2017-11-28 19:13:00');

-- --------------------------------------------------------

--
-- Estructura de tabla para la tabla `comments`
--

CREATE TABLE IF NOT EXISTS `comments` (
  `id` int(10) unsigned NOT NULL,
  `user_id` int(10) unsigned NOT NULL,
  `post_id` int(10) unsigned NOT NULL,
  `comment` varchar(255) COLLATE utf8mb4_unicode_ci NOT NULL,
  `created_at` timestamp NULL DEFAULT NULL,
  `updated_at` timestamp NULL DEFAULT NULL
) ENGINE=InnoDB DEFAULT CHARSET=utf8mb4 COLLATE=utf8mb4_unicode_ci;

-- --------------------------------------------------------

--
-- Estructura de tabla para la tabla `dislikes`
--

CREATE TABLE IF NOT EXISTS `dislikes` (
  `id` int(10) unsigned NOT NULL,
  `user_id` int(10) unsigned NOT NULL,
  `post_id` int(10) unsigned NOT NULL,
  `email` varchar(255) COLLATE utf8mb4_unicode_ci NOT NULL,
  `created_at` timestamp NULL DEFAULT NULL,
  `updated_at` timestamp NULL DEFAULT NULL
) ENGINE=InnoDB DEFAULT CHARSET=utf8mb4 COLLATE=utf8mb4_unicode_ci;

-- --------------------------------------------------------

--
-- Estructura de tabla para la tabla `dislike_post`
--

CREATE TABLE IF NOT EXISTS `dislike_post` (
  `id` int(10) unsigned NOT NULL,
  `dislike_id` int(10) unsigned NOT NULL,
  `post_id` int(10) unsigned NOT NULL,
  `created_at` timestamp NULL DEFAULT NULL,
  `updated_at` timestamp NULL DEFAULT NULL
) ENGINE=InnoDB DEFAULT CHARSET=utf8mb4 COLLATE=utf8mb4_unicode_ci;

-- --------------------------------------------------------

--
-- Estructura de tabla para la tabla `likes`
--

CREATE TABLE IF NOT EXISTS `likes` (
  `id` int(10) unsigned NOT NULL,
  `user_id` int(10) unsigned NOT NULL,
  `post_id` int(10) unsigned NOT NULL,
  `email` varchar(255) COLLATE utf8mb4_unicode_ci NOT NULL,
  `created_at` timestamp NULL DEFAULT NULL,
  `updated_at` timestamp NULL DEFAULT NULL
) ENGINE=InnoDB DEFAULT CHARSET=utf8mb4 COLLATE=utf8mb4_unicode_ci;

-- --------------------------------------------------------

--
-- Estructura de tabla para la tabla `like_post`
--

CREATE TABLE IF NOT EXISTS `like_post` (
  `id` int(10) unsigned NOT NULL,
  `like_id` int(10) unsigned NOT NULL,
  `post_id` int(10) unsigned NOT NULL,
  `created_at` timestamp NULL DEFAULT NULL,
  `updated_at` timestamp NULL DEFAULT NULL
) ENGINE=InnoDB DEFAULT CHARSET=utf8mb4 COLLATE=utf8mb4_unicode_ci;

-- --------------------------------------------------------

--
-- Estructura de tabla para la tabla `migrations`
--

CREATE TABLE IF NOT EXISTS `migrations` (
  `id` int(10) unsigned NOT NULL,
  `migration` varchar(255) COLLATE utf8mb4_unicode_ci NOT NULL,
  `batch` int(11) NOT NULL
) ENGINE=InnoDB AUTO_INCREMENT=12 DEFAULT CHARSET=utf8mb4 COLLATE=utf8mb4_unicode_ci;

--
-- Volcado de datos para la tabla `migrations`
--

INSERT INTO `migrations` (`id`, `migration`, `batch`) VALUES
(1, '2014_10_12_000000_create_users_table', 1),
(2, '2014_10_12_100000_create_password_resets_table', 1),
(3, '2017_11_27_185620_create_categories_table', 1),
(4, '2017_11_27_185655_create_posts_table', 1),
(5, '2017_11_27_185716_create_tags_table', 1),
(6, '2017_11_27_185720_create_post_tag_table', 1),
(7, '2017_11_27_185739_create_likes_table', 1),
(8, '2017_11_27_185801_create_dislikes_table', 1),
(9, '2017_11_27_185853_create_comments_table', 1),
(10, '2017_11_27_194824_create_like_post_table', 1),
(11, '2017_11_27_204501_create_dislike_post_table', 1);

-- --------------------------------------------------------

--
-- Estructura de tabla para la tabla `password_resets`
--

CREATE TABLE IF NOT EXISTS `password_resets` (
  `email` varchar(128) COLLATE utf8mb4_unicode_ci NOT NULL,
  `token` varchar(255) COLLATE utf8mb4_unicode_ci NOT NULL,
  `created_at` timestamp NULL DEFAULT NULL
) ENGINE=InnoDB DEFAULT CHARSET=utf8mb4 COLLATE=utf8mb4_unicode_ci;

-- --------------------------------------------------------

--
-- Estructura de tabla para la tabla `posts`
--

CREATE TABLE IF NOT EXISTS `posts` (
  `id` int(10) unsigned NOT NULL,
  `user_id` int(10) unsigned NOT NULL,
  `category_id` int(10) unsigned NOT NULL,
  `name` varchar(128) COLLATE utf8mb4_unicode_ci NOT NULL,
  `slug` varchar(128) COLLATE utf8mb4_unicode_ci NOT NULL,
  `excerpt` mediumtext COLLATE utf8mb4_unicode_ci,
  `body` varchar(255) COLLATE utf8mb4_unicode_ci NOT NULL,
  `status` enum('PUBLISHED','DRAFT') COLLATE utf8mb4_unicode_ci NOT NULL DEFAULT 'DRAFT',
  `file` varchar(128) COLLATE utf8mb4_unicode_ci DEFAULT NULL,
  `created_at` timestamp NULL DEFAULT NULL,
  `updated_at` timestamp NULL DEFAULT NULL
) ENGINE=InnoDB AUTO_INCREMENT=301 DEFAULT CHARSET=utf8mb4 COLLATE=utf8mb4_unicode_ci;

--
-- Volcado de datos para la tabla `posts`
--

INSERT INTO `posts` (`id`, `user_id`, `category_id`, `name`, `slug`, `excerpt`, `body`, `status`, `file`, `created_at`, `updated_at`) VALUES
(1, 3, 15, 'Alias ut non.', 'alias-ut-non', 'Expedita labore explicabo aut qui pariatur. Neque temporibus hic ducimus quae similique commodi molestiae. A aut exercitationem quis officiis aut.', 'Facilis voluptas reiciendis dolor accusantium laboriosam non. Architecto distinctio voluptatem sed consequuntur qui. In maiores expedita qui quod quidem maiores rerum.', 'PUBLISHED', 'https://lorempixel.com/1200/400/?10538', '2017-11-28 19:13:03', '2017-11-28 19:13:03'),
(2, 9, 9, 'Tempore quaerat omnis.', 'tempore-quaerat-omnis', 'Fugit magnam molestiae autem corporis. Quasi rerum et neque ducimus facere vel. Debitis vitae at omnis vitae. Cumque et esse voluptatem.', 'Voluptatem autem consectetur illo placeat. Autem nemo natus sint et. Atque minus ut qui provident consectetur qui necessitatibus non.', 'DRAFT', 'https://lorempixel.com/1200/400/?92923', '2017-11-28 19:13:03', '2017-11-28 19:13:03'),
(3, 9, 7, 'Sapiente delectus necessitatibus delectus.', 'sapiente-delectus-necessitatibus-delectus', 'Deserunt nulla incidunt qui similique sint quam. Illum animi asperiores sed quia. Est nihil accusantium fugit nobis esse esse et. Dolor illo nihil facilis.', 'Commodi ab et reprehenderit rem veniam nobis mollitia. Laborum dolor vitae nostrum voluptatem est architecto. Ipsa fuga amet ut veritatis. Aut voluptates recusandae odit corrupti delectus maiores. Tempora laborum et occaecati quas illum commodi.', 'DRAFT', 'https://lorempixel.com/1200/400/?62220', '2017-11-28 19:13:03', '2017-11-28 19:13:03'),
(4, 2, 19, 'Eos accusamus et odit.', 'eos-accusamus-et-odit', 'Earum eos autem iure qui. Perferendis esse officia ea quis rerum sit. Quas odio omnis nihil porro eaque. Laboriosam quam est ut ad et.', 'Dolorem aut optio asperiores a unde dolor velit. Unde at deleniti inventore ipsam. Et minima ullam aut consequatur occaecati alias et. Et cum consequatur consequatur sit sunt. Illo minus voluptas placeat quas.', 'PUBLISHED', 'https://lorempixel.com/1200/400/?36397', '2017-11-28 19:13:03', '2017-11-28 19:13:03'),
(5, 5, 10, 'Ea rerum voluptas voluptates non.', 'ea-rerum-voluptas-voluptates-non', 'Molestias est quis enim ratione. Labore quod consequatur sunt qui ratione. Aliquid accusamus enim quia necessitatibus eos cumque voluptas.', 'Sit voluptatem at illum dolorum quo. Aliquid quasi aperiam qui sed amet numquam velit itaque. Eligendi sunt ab eos quos alias. Sed alias illum ut et provident. Perspiciatis quo in maxime vero et veniam facilis.', 'PUBLISHED', 'https://lorempixel.com/1200/400/?91206', '2017-11-28 19:13:03', '2017-11-28 19:13:03'),
(6, 2, 1, 'Quis ut numquam sapiente inventore nihil.', 'quis-ut-numquam-sapiente-inventore-nihil', 'Qui id voluptas enim distinctio sed voluptatibus animi. Deserunt facilis labore quo inventore est. Sed quo ullam laborum molestias.', 'Incidunt aut ut debitis et eaque velit aliquam culpa. Ad laudantium hic aspernatur rem odit qui. Eaque quasi expedita ut vel. Dolor culpa occaecati fuga ipsam. Vel sint nobis rerum quo. Aut quia repudiandae delectus quod omnis. Et aut aliquid architecto.', 'DRAFT', 'https://lorempixel.com/1200/400/?10083', '2017-11-28 19:13:03', '2017-11-28 19:13:03'),
(7, 9, 2, 'In eveniet cumque nihil.', 'in-eveniet-cumque-nihil', 'Quis soluta aspernatur dolore quis a. Laudantium ipsum voluptas asperiores qui et deserunt sed. Consequatur saepe pariatur porro quo.', 'Sapiente explicabo reprehenderit ut perspiciatis illum ut ut non. Error et maiores facilis sequi optio exercitationem necessitatibus optio. Iste expedita vel qui occaecati adipisci.', 'PUBLISHED', 'https://lorempixel.com/1200/400/?19194', '2017-11-28 19:13:03', '2017-11-28 19:13:03'),
(8, 4, 9, 'Ab molestiae facere similique sunt quam.', 'ab-molestiae-facere-similique-sunt-quam', 'Dolore sed consequatur dolores. Ducimus fugit vitae sed exercitationem recusandae. Dolor qui quae sit quod culpa nobis sed. Repellendus ut exercitationem at explicabo voluptates ut.', 'Sed temporibus voluptatem recusandae laborum. Odit necessitatibus non labore suscipit. Dolorum praesentium ducimus rerum dolor non quod. Omnis nemo sint est facere harum aut rem unde.', 'DRAFT', 'https://lorempixel.com/1200/400/?94509', '2017-11-28 19:13:03', '2017-11-28 19:13:03'),
(9, 4, 14, 'Saepe dolorum id et sit.', 'saepe-dolorum-id-et-sit', 'Laudantium saepe velit consequatur optio deserunt voluptates. Saepe et similique iure cumque. Est laudantium nulla sapiente optio consequuntur et perferendis. Ut porro unde iure maiores sit tempore.', 'Provident labore aspernatur officia delectus quaerat. Provident est nisi nobis aut atque ea eum. Rem et expedita inventore. Vero id ea quaerat eum beatae nesciunt veritatis.', 'PUBLISHED', 'https://lorempixel.com/1200/400/?66082', '2017-11-28 19:13:03', '2017-11-28 19:13:03'),
(10, 10, 7, 'Dolorum molestiae aut voluptas ut.', 'dolorum-molestiae-aut-voluptas-ut', 'Labore ex illum impedit magnam qui dicta. Voluptates voluptates suscipit voluptas adipisci eos ut. Ut ea molestiae et.', 'Odio tempore praesentium voluptates ut libero. Et deserunt quis recusandae deleniti error saepe incidunt molestias. Ipsa eius soluta voluptas rem dignissimos voluptatum temporibus.', 'DRAFT', 'https://lorempixel.com/1200/400/?43509', '2017-11-28 19:13:03', '2017-11-28 19:13:03'),
(11, 9, 4, 'Unde mollitia voluptates possimus nostrum.', 'unde-mollitia-voluptates-possimus-nostrum', 'Totam quia et in eveniet qui id aut. Et magni et dolorem nihil magnam. Et facilis ab aut mollitia. Molestias enim iste rerum.', 'In est dolore et recusandae. Totam ipsum est corporis.', 'PUBLISHED', 'https://lorempixel.com/1200/400/?74071', '2017-11-28 19:13:03', '2017-11-28 19:13:03'),
(12, 6, 9, 'Pariatur veritatis numquam fugiat cum.', 'pariatur-veritatis-numquam-fugiat-cum', 'Aut est ut asperiores. Consectetur maxime cupiditate autem fugiat ipsum. Quia libero corporis facilis molestiae odit numquam quaerat non.', 'Voluptate aliquid corporis unde similique. Minus ut nihil voluptas quia nemo voluptate. Qui delectus minus consequatur aperiam quas quibusdam nam.', 'DRAFT', 'https://lorempixel.com/1200/400/?40040', '2017-11-28 19:13:03', '2017-11-28 19:13:03'),
(13, 7, 3, 'Incidunt modi fugit dicta.', 'incidunt-modi-fugit-dicta', 'Amet enim aspernatur et voluptatibus officia. Consectetur tempora perspiciatis illo qui. Ipsum quia qui sequi deserunt maiores velit. Ducimus amet voluptate mollitia.', 'Perspiciatis exercitationem et soluta quidem. Officia dolorum nihil explicabo. Et reiciendis unde pariatur dolores et deserunt odit praesentium. Fugit aliquid molestias et.', 'DRAFT', 'https://lorempixel.com/1200/400/?24284', '2017-11-28 19:13:03', '2017-11-28 19:13:03'),
(14, 3, 1, 'Vel cumque provident aut.', 'vel-cumque-provident-aut', 'Eum molestiae odit aliquam iure. Culpa consequuntur dolore quo consequatur sapiente dolores et distinctio. Fugit deserunt numquam ut optio.', 'Et maxime minima omnis ullam. Et ipsam voluptas et quo fugiat. Vel dolorem illum dolores et. Eos repellendus est minus enim quisquam natus praesentium dolorum.', 'PUBLISHED', 'https://lorempixel.com/1200/400/?47122', '2017-11-28 19:13:03', '2017-11-28 19:13:03'),
(15, 8, 9, 'Animi perspiciatis qui rerum minus.', 'animi-perspiciatis-qui-rerum-minus', 'Ea ut nam fuga laborum fugit aut quis non. Iure ea id aut repellat quibusdam assumenda. Non est quidem recusandae veniam.', 'Nesciunt fugit sit ipsa quo perferendis voluptatibus vero. Non facilis mollitia repudiandae soluta blanditiis qui placeat. Totam sit culpa nemo officiis eveniet eveniet voluptatem molestiae.', 'DRAFT', 'https://lorempixel.com/1200/400/?55823', '2017-11-28 19:13:03', '2017-11-28 19:13:03'),
(16, 6, 16, 'Et dolor blanditiis sunt corporis provident.', 'et-dolor-blanditiis-sunt-corporis-provident', 'Et voluptate in earum vel voluptatem modi. Quibusdam est eum error et corporis consectetur. Doloremque placeat inventore corrupti assumenda ut qui mollitia in.', 'Id accusantium libero quia voluptatem. Dolor ut tempore odio ut et qui dolore. Error eum sit id. Aut ipsam numquam rerum nobis iure.', 'PUBLISHED', 'https://lorempixel.com/1200/400/?63457', '2017-11-28 19:13:03', '2017-11-28 19:13:03'),
(17, 3, 12, 'Consequatur repellendus blanditiis veniam unde.', 'consequatur-repellendus-blanditiis-veniam-unde', 'Ipsa est officia laboriosam eum. Aliquam quia possimus repellat et mollitia explicabo expedita soluta. Sunt odit id cum non.', 'Nihil dolorum exercitationem quis voluptate quia sed. Vitae dolore ab error quod tempora adipisci dolor. Ipsa earum ut recusandae architecto consequatur qui blanditiis commodi. Illum eum possimus quibusdam voluptatem dignissimos id.', 'PUBLISHED', 'https://lorempixel.com/1200/400/?85490', '2017-11-28 19:13:03', '2017-11-28 19:13:03'),
(18, 7, 19, 'Consequatur animi nobis et non.', 'consequatur-animi-nobis-et-non', 'Autem in dolores sint iure nulla. Eum doloremque consequuntur esse quidem asperiores cupiditate ab. Magni et aut officiis et.', 'Non accusamus nostrum officia veniam eligendi. Ab ex recusandae non sed. Neque sequi quia ullam velit voluptatem.', 'PUBLISHED', 'https://lorempixel.com/1200/400/?62040', '2017-11-28 19:13:03', '2017-11-28 19:13:03'),
(19, 2, 11, 'Nemo deleniti est dolorem distinctio.', 'nemo-deleniti-est-dolorem-distinctio', 'Dolores et aliquid vel est aut ducimus. Et sapiente voluptas mollitia eum et et qui. Nisi tenetur quam id ea architecto. Illo quia sunt sed animi modi.', 'Sit voluptatem ut quia aspernatur harum praesentium nihil. Quis omnis aut in aut laboriosam. Natus nesciunt dolor architecto sint debitis eos. Quaerat perspiciatis accusamus odit magnam et aut beatae cumque.', 'DRAFT', 'https://lorempixel.com/1200/400/?51275', '2017-11-28 19:13:03', '2017-11-28 19:13:03'),
(20, 2, 4, 'Et dolores et velit molestiae.', 'et-dolores-et-velit-molestiae', 'Dolor necessitatibus voluptatibus consequatur. Sunt minus soluta quia quaerat perferendis quos eum. Ea est ea necessitatibus provident exercitationem.', 'Qui nihil ut dignissimos omnis natus est. In et architecto reprehenderit itaque debitis laborum perspiciatis. Optio tempora cupiditate consequatur quaerat iure et veritatis dolorem.', 'DRAFT', 'https://lorempixel.com/1200/400/?73096', '2017-11-28 19:13:03', '2017-11-28 19:13:03'),
(21, 8, 16, 'Molestiae ea quisquam aut itaque.', 'molestiae-ea-quisquam-aut-itaque', 'Alias velit fugit et. Optio illum dicta dolorem suscipit ducimus quo. Quos est et molestiae id ut dolorum neque. Neque ipsa et et dicta voluptatem quia et necessitatibus.', 'At molestiae quas officiis vitae accusamus sunt ipsa. Asperiores quibusdam non quae. Blanditiis et et quis autem inventore. Qui rerum reprehenderit in dolorem quasi. Qui maxime repudiandae sunt impedit quia sapiente.', 'PUBLISHED', 'https://lorempixel.com/1200/400/?54213', '2017-11-28 19:13:03', '2017-11-28 19:13:03'),
(22, 1, 16, 'Voluptatum voluptatem alias totam mollitia laboriosam.', 'voluptatum-voluptatem-alias-totam-mollitia-laboriosam', 'Quas fugiat nisi ad reprehenderit dolores tempora. Dicta porro non dolor cumque. Ex perferendis saepe perferendis et autem iste.', 'Nemo aut facilis laboriosam quia et quidem necessitatibus tempora. Iste sint consequatur et ipsum quis. Assumenda omnis ut quam aut nihil molestias. Et voluptatem maxime consequuntur id.', 'PUBLISHED', 'https://lorempixel.com/1200/400/?62399', '2017-11-28 19:13:03', '2017-11-28 19:13:03'),
(23, 10, 5, 'Enim fugiat est eius qui omnis.', 'enim-fugiat-est-eius-qui-omnis', 'Aut iusto deleniti nobis. Aut repudiandae sit ut eum. Quisquam vero molestiae quaerat maiores nisi et neque veniam. Est consequatur aut minima deleniti quas quidem.', 'Et sequi aut qui ex quia hic. Quo tempore aut voluptas commodi. Id ea rerum commodi rerum. Consequatur doloribus velit dicta soluta voluptatem. Ea non nihil qui nemo adipisci et fugit rerum.', 'PUBLISHED', 'https://lorempixel.com/1200/400/?39640', '2017-11-28 19:13:03', '2017-11-28 19:13:03'),
(24, 10, 8, 'Qui est dolor.', 'qui-est-dolor', 'Quisquam quo amet vel magni qui eligendi. Ea nihil et nobis dolor aut quis. Adipisci dolorem minima eum et. Dicta quas voluptas eveniet odio occaecati iusto.', 'Sunt illo odio qui consequatur minima eius et. Sunt et tenetur qui velit molestiae ipsum. Eum id voluptatem quae ut. Provident sequi saepe animi tempora quidem. Ipsum qui qui vero qui quisquam placeat.', 'DRAFT', 'https://lorempixel.com/1200/400/?41030', '2017-11-28 19:13:03', '2017-11-28 19:13:03'),
(25, 1, 9, 'Maiores recusandae aperiam.', 'maiores-recusandae-aperiam', 'Ut aut nesciunt ad. Exercitationem quo in omnis sint optio necessitatibus. Qui deserunt est cum reiciendis rerum et dolores. Quae sint distinctio rerum quae dolorem error vitae.', 'Illum quidem aut aut eaque enim. Odit enim cupiditate earum numquam voluptatibus ratione. Ut ut explicabo excepturi explicabo.', 'DRAFT', 'https://lorempixel.com/1200/400/?26218', '2017-11-28 19:13:03', '2017-11-28 19:13:03'),
(26, 10, 6, 'Illum voluptatem aut ipsam natus.', 'illum-voluptatem-aut-ipsam-natus', 'Illo omnis saepe maxime vero sit pariatur ipsa. Amet illum enim quam quibusdam ex tempora non. Nostrum optio autem eos quia beatae.', 'Est voluptates vero earum sit vero. Porro optio ut voluptatibus similique. Id voluptas perferendis sequi alias. Aliquam ab ab quasi inventore id eum.', 'DRAFT', 'https://lorempixel.com/1200/400/?18143', '2017-11-28 19:13:03', '2017-11-28 19:13:03'),
(27, 9, 7, 'Et fuga et.', 'et-fuga-et', 'Culpa assumenda dolorem maiores magnam. Consequatur et numquam nihil. Necessitatibus consequatur quaerat magni quas est iusto. Et sunt odio qui nostrum.', 'Quam alias in perferendis suscipit ut iure maiores. Nisi autem voluptatem similique voluptas. Quas molestiae aut qui molestiae hic quas doloribus. Perspiciatis officia nemo mollitia soluta.', 'DRAFT', 'https://lorempixel.com/1200/400/?96633', '2017-11-28 19:13:03', '2017-11-28 19:13:03'),
(28, 8, 3, 'Vel aut fugit eum autem.', 'vel-aut-fugit-eum-autem', 'Nisi incidunt laboriosam maxime sapiente ab fugiat dolor voluptatem. Fugiat numquam officiis asperiores ipsum iusto dolor officia. Repellendus quod eos illum omnis qui ut.', 'Fugit molestiae laudantium est aut eligendi aliquid reiciendis quia. Explicabo rerum tenetur quod quia. Ut beatae et ut maxime qui tempore sit. Quia ratione inventore aliquid eos eos.', 'DRAFT', 'https://lorempixel.com/1200/400/?26339', '2017-11-28 19:13:03', '2017-11-28 19:13:03'),
(29, 8, 8, 'Eum voluptatibus qui.', 'eum-voluptatibus-qui', 'Esse rem non praesentium explicabo. Tenetur nemo minima explicabo non molestias. Labore sunt qui dignissimos dignissimos vel soluta quibusdam.', 'Quaerat blanditiis est dolorem doloremque ut cum. Culpa temporibus tenetur quae dolores omnis fugit voluptas ex. Odit itaque quos molestiae architecto ut dolorem molestiae nesciunt.', 'DRAFT', 'https://lorempixel.com/1200/400/?92122', '2017-11-28 19:13:04', '2017-11-28 19:13:04'),
(30, 4, 5, 'Nisi rerum suscipit sint qui.', 'nisi-rerum-suscipit-sint-qui', 'Excepturi aut sit deserunt id et. Enim assumenda quis et libero aut. Et eligendi itaque est dolore non et.', 'Minus non voluptates dolorem mollitia voluptatem debitis. Impedit consequatur debitis necessitatibus voluptas incidunt. Ad tempore sapiente dolor et distinctio veniam.', 'DRAFT', 'https://lorempixel.com/1200/400/?79258', '2017-11-28 19:13:04', '2017-11-28 19:13:04'),
(31, 6, 11, 'Impedit quia veniam dolores ea.', 'impedit-quia-veniam-dolores-ea', 'Porro ad adipisci consequatur et quaerat qui omnis. Quae sit expedita sequi tempore cum qui eos. Sunt enim odit et et possimus veniam et. Et eius consectetur aut.', 'Quia optio ad nihil dolore in iste dolorem consequuntur. Occaecati accusantium placeat sint et repudiandae voluptatem. Dolore dicta ex non nostrum asperiores quis et. Facilis aliquam et soluta libero et rerum et.', 'PUBLISHED', 'https://lorempixel.com/1200/400/?20851', '2017-11-28 19:13:04', '2017-11-28 19:13:04'),
(32, 4, 5, 'Molestiae voluptas atque.', 'molestiae-voluptas-atque', 'Exercitationem tempora aut et qui doloremque rerum. Iusto laborum sed est iste. Illum vero repellat officia alias architecto atque quis dolorum.', 'Blanditiis eligendi laborum nam autem est soluta. Et et rerum quod nesciunt pariatur ea inventore. Minima laudantium possimus ipsa. Eos labore in voluptas soluta.', 'DRAFT', 'https://lorempixel.com/1200/400/?76416', '2017-11-28 19:13:04', '2017-11-28 19:13:04'),
(33, 7, 6, 'Quos expedita rem.', 'quos-expedita-rem', 'Eius autem amet vel quia. Occaecati earum in quo nulla est ea dolorem. Ut consequatur delectus odit ab dolorum iure dolorem voluptas.', 'Esse quis aut minus nemo consectetur. Perferendis id sit neque sed animi reiciendis. Amet labore culpa hic eum aut dolores ut iste.', 'PUBLISHED', 'https://lorempixel.com/1200/400/?31862', '2017-11-28 19:13:04', '2017-11-28 19:13:04'),
(34, 9, 7, 'Quisquam vel quod.', 'quisquam-vel-quod', 'Dolores voluptatem porro magni voluptate qui. Voluptatibus consequatur repellat eum in eos dolor repellat. Tempore et voluptates architecto vitae aut nisi.', 'Vero iusto officia et ab autem. Iusto ut dolore saepe neque. Eos nihil dolorum non qui eaque rem exercitationem. Impedit voluptas magni maxime qui quia.', 'DRAFT', 'https://lorempixel.com/1200/400/?98162', '2017-11-28 19:13:04', '2017-11-28 19:13:04'),
(35, 9, 12, 'Ut iste rerum optio non qui.', 'ut-iste-rerum-optio-non-qui', 'Tempore esse voluptas expedita voluptas. Et soluta consectetur id nihil. Deleniti animi iusto culpa veniam et.', 'Commodi eveniet quisquam rerum odio. Libero ad sed dolor dolorem. Odit animi rerum maiores eos voluptatem placeat tenetur.', 'PUBLISHED', 'https://lorempixel.com/1200/400/?25731', '2017-11-28 19:13:04', '2017-11-28 19:13:04'),
(36, 5, 7, 'Quisquam quo aut maxime at.', 'quisquam-quo-aut-maxime-at', 'Architecto porro autem consequatur iusto architecto culpa. Rerum explicabo perferendis laborum sunt et illum temporibus. Quos blanditiis repudiandae nulla est consequuntur odio.', 'Vero ullam cum earum sed nesciunt velit similique. Doloribus ipsum id sit aliquam dolorem porro. Aut voluptas dicta accusantium vel doloribus explicabo voluptas minima.', 'PUBLISHED', 'https://lorempixel.com/1200/400/?38144', '2017-11-28 19:13:04', '2017-11-28 19:13:04'),
(37, 6, 19, 'Veritatis quis et et.', 'veritatis-quis-et-et', 'Officiis accusamus qui dicta quas est ut modi earum. A suscipit est minus a. Ut error nam occaecati harum qui consectetur. Velit vel incidunt doloribus deleniti dolores distinctio sed ut.', 'Qui dolore quae est enim doloribus. Voluptatem provident animi ut sequi. Et autem laboriosam velit aliquam. Dicta voluptate eius aut quod.', 'DRAFT', 'https://lorempixel.com/1200/400/?11321', '2017-11-28 19:13:04', '2017-11-28 19:13:04'),
(38, 3, 8, 'Suscipit et tenetur necessitatibus sint iusto.', 'suscipit-et-tenetur-necessitatibus-sint-iusto', 'Provident accusamus consequuntur nesciunt sunt ut et voluptas. Aut officia iure exercitationem ea. Et quas earum quod. Distinctio rerum ipsa consequatur qui sed a blanditiis.', 'Molestiae modi ut quia ducimus dolore quia atque reprehenderit. Veritatis a cum ducimus quisquam veritatis reprehenderit. Laudantium eos dolor velit aspernatur quam. Incidunt suscipit maiores id molestiae iure a ut.', 'PUBLISHED', 'https://lorempixel.com/1200/400/?91033', '2017-11-28 19:13:04', '2017-11-28 19:13:04'),
(39, 5, 6, 'Voluptatem molestias amet dolorum qui alias.', 'voluptatem-molestias-amet-dolorum-qui-alias', 'Quia veniam consequatur similique dicta voluptatum. Adipisci sed vero voluptas beatae ut nobis. Eaque omnis blanditiis quibusdam dignissimos temporibus.', 'Maxime et placeat eum quibusdam. Eum accusamus velit incidunt velit. Corporis amet occaecati sed quidem dignissimos ad. Suscipit sed placeat alias pariatur quia. Similique placeat sunt tempora nisi. Qui aliquid ea et perspiciatis amet tempora doloribus.', 'PUBLISHED', 'https://lorempixel.com/1200/400/?45317', '2017-11-28 19:13:04', '2017-11-28 19:13:04'),
(40, 9, 5, 'Ut molestias perferendis alias iusto et.', 'ut-molestias-perferendis-alias-iusto-et', 'Perferendis nostrum rerum omnis possimus quis. Aut dolores aut nihil cupiditate sed sunt deleniti. Cum dignissimos et officiis odit soluta sunt ex repellendus.', 'Et sed ex omnis doloribus non ut quos beatae. Eos non ut hic unde sint nihil sunt. Deserunt quas facere voluptatem in perspiciatis. Aut suscipit dolor necessitatibus et eum aut qui.', 'PUBLISHED', 'https://lorempixel.com/1200/400/?67166', '2017-11-28 19:13:04', '2017-11-28 19:13:04'),
(41, 1, 2, 'Nulla sint expedita vel.', 'nulla-sint-expedita-vel', 'Sint odio dicta cumque a. Velit in dolorem corrupti ut eveniet aliquam rem.', 'Ea ut sit nihil vel. Velit illum velit in nesciunt fugiat. Quia reiciendis eligendi tenetur non fugiat quia. Provident laborum animi blanditiis non cum commodi quae.', 'DRAFT', 'https://lorempixel.com/1200/400/?87841', '2017-11-28 19:13:04', '2017-11-28 19:13:04'),
(42, 4, 3, 'Consequatur ratione molestias mollitia aliquam eum.', 'consequatur-ratione-molestias-mollitia-aliquam-eum', 'Dolorum ea enim in laboriosam. Veniam aut aut optio ea qui.', 'Non ea eveniet sit voluptates voluptatem distinctio deserunt. Odio aliquid a aut eaque sunt nesciunt veniam unde. Similique voluptas explicabo et delectus tempore.', 'PUBLISHED', 'https://lorempixel.com/1200/400/?45120', '2017-11-28 19:13:04', '2017-11-28 19:13:04'),
(43, 3, 7, 'Sed dignissimos voluptatem.', 'sed-dignissimos-voluptatem', 'Qui aliquid illo cumque earum temporibus nisi. Earum quod enim exercitationem qui ab. Pariatur atque adipisci debitis. At ut nostrum reiciendis quas.', 'Eum voluptatem aliquam nisi accusantium maiores eligendi qui. Inventore omnis a quas magnam. Sed ad culpa nemo amet occaecati eaque alias.', 'DRAFT', 'https://lorempixel.com/1200/400/?57095', '2017-11-28 19:13:04', '2017-11-28 19:13:04'),
(44, 3, 15, 'Sunt distinctio reiciendis.', 'sunt-distinctio-reiciendis', 'Ducimus unde libero quidem repudiandae nostrum atque. Dolor non aperiam molestias ipsum. Accusamus sed unde ea ab sunt cupiditate velit est. Accusantium iusto deleniti alias modi.', 'Odio maxime accusantium possimus officiis non. Eum rerum vitae voluptatem excepturi. Perferendis reprehenderit facere aut et dignissimos ut qui. Tempore eligendi ut dolor eaque commodi dolor placeat sit.', 'DRAFT', 'https://lorempixel.com/1200/400/?84549', '2017-11-28 19:13:04', '2017-11-28 19:13:04'),
(45, 2, 10, 'Esse placeat qui dicta sunt.', 'esse-placeat-qui-dicta-sunt', 'Tempore consequatur iste occaecati. Harum sit quo in doloremque asperiores et eum. Nam placeat vel nisi et. Blanditiis et impedit veritatis itaque et ut quas.', 'Et esse soluta et est non quo. Delectus beatae est dolores et quo.', 'PUBLISHED', 'https://lorempixel.com/1200/400/?21972', '2017-11-28 19:13:04', '2017-11-28 19:13:04'),
(46, 9, 6, 'Nihil vel molestias rerum at.', 'nihil-vel-molestias-rerum-at', 'Eius blanditiis occaecati in voluptate facilis aspernatur harum. Voluptatem nesciunt aut saepe nihil enim. Doloribus culpa occaecati qui quibusdam sunt.', 'Repellat omnis velit dolorum et sed. Maxime laboriosam illum ea impedit ut. Id at similique mollitia delectus occaecati. Facilis voluptatem ipsa non accusantium quasi sint corrupti consequatur.', 'DRAFT', 'https://lorempixel.com/1200/400/?50823', '2017-11-28 19:13:04', '2017-11-28 19:13:04'),
(47, 8, 10, 'Et temporibus illum.', 'et-temporibus-illum', 'Dolore distinctio labore accusantium est ducimus. Est ut accusantium dolor consequuntur. Qui dolorum dolor corrupti beatae quidem veritatis expedita consequatur.', 'Consequatur sunt et quia repudiandae ab delectus. Et officia ab voluptatem minima facere quos laborum. Est omnis iure quia. Quas at velit est.', 'DRAFT', 'https://lorempixel.com/1200/400/?42142', '2017-11-28 19:13:04', '2017-11-28 19:13:04'),
(48, 5, 11, 'Sit qui perferendis cum et rerum.', 'sit-qui-perferendis-cum-et-rerum', 'Tempore cumque explicabo autem ipsam omnis fuga sunt. Ipsa similique cumque esse incidunt nobis.', 'Dicta harum in eos placeat temporibus in possimus. Debitis sit eius ut esse. Sit deleniti est cupiditate non cupiditate aspernatur consequuntur. Ea voluptatem necessitatibus dolore corporis expedita.', 'DRAFT', 'https://lorempixel.com/1200/400/?90806', '2017-11-28 19:13:04', '2017-11-28 19:13:04'),
(49, 4, 17, 'Quam et et.', 'quam-et-et', 'Voluptas tempora et necessitatibus. Et nam autem tenetur beatae molestiae omnis sit id. Recusandae et aliquid autem occaecati et. Deleniti beatae et porro. Numquam enim mollitia alias illum harum ea.', 'Suscipit necessitatibus culpa eveniet voluptate molestiae sed facilis. Sunt quo atque id est dicta dignissimos. Et recusandae et accusantium rem maxime.', 'PUBLISHED', 'https://lorempixel.com/1200/400/?88464', '2017-11-28 19:13:04', '2017-11-28 19:13:04'),
(50, 5, 13, 'Id nesciunt voluptas qui sint.', 'id-nesciunt-voluptas-qui-sint', 'Consectetur rerum neque laboriosam voluptas sunt non. Tenetur sit quod cupiditate. Quis amet inventore recusandae ea minus exercitationem. Porro ut quam nostrum necessitatibus.', 'Asperiores sit ex rerum quos. Aut totam vitae at et minus harum odit. Officia nisi rerum dolorem in. Cumque temporibus ut ipsum ad.', 'DRAFT', 'https://lorempixel.com/1200/400/?45888', '2017-11-28 19:13:04', '2017-11-28 19:13:04'),
(51, 9, 11, 'Quibusdam laudantium aut voluptates incidunt.', 'quibusdam-laudantium-aut-voluptates-incidunt', 'Saepe consequatur ut minus eligendi. Sapiente provident esse commodi debitis et et quia. Facere soluta blanditiis atque sapiente vel. Quis perspiciatis earum magni iste.', 'Officiis beatae et ut est voluptatem et sunt. Praesentium harum pariatur sed aut architecto. Sit ea quasi ratione earum. Sit eos maiores minus totam magni quibusdam voluptate officia. Sed adipisci sint delectus vero ut. Ut aut et ea perspiciatis a est.', 'PUBLISHED', 'https://lorempixel.com/1200/400/?95404', '2017-11-28 19:13:04', '2017-11-28 19:13:04'),
(52, 3, 7, 'Ut molestiae quae molestiae voluptatem fugit.', 'ut-molestiae-quae-molestiae-voluptatem-fugit', 'Saepe est sed sit. Non nam saepe adipisci. Rem exercitationem ea dolor est. Fugiat quaerat officia et non. Et voluptatem recusandae et porro. Vero dolores aliquid voluptate et.', 'Eum optio modi magni consectetur sunt. Eius architecto a qui dolor inventore non et. Sed natus quo adipisci deleniti dolorem eligendi. Accusantium ipsum consequatur perspiciatis.', 'PUBLISHED', 'https://lorempixel.com/1200/400/?60124', '2017-11-28 19:13:04', '2017-11-28 19:13:04'),
(53, 7, 20, 'Sunt tempora saepe eum deserunt enim.', 'sunt-tempora-saepe-eum-deserunt-enim', 'Esse voluptates et nesciunt est similique velit. Ea accusamus odio aut id sed occaecati distinctio. Tenetur aliquid minus atque et.', 'Dolores nemo ut vel facere. Ea autem mollitia enim ut similique dolore omnis. Accusantium quae autem suscipit reiciendis ea error. Et aut aut optio deserunt aliquam officia deserunt.', 'DRAFT', 'https://lorempixel.com/1200/400/?47302', '2017-11-28 19:13:04', '2017-11-28 19:13:04'),
(54, 10, 18, 'Numquam omnis velit facere.', 'numquam-omnis-velit-facere', 'Libero enim quia iure. Labore est rem enim quam qui dolorem et. Voluptatem minima quis ut quo. Perferendis fuga voluptatum ducimus et harum aut.', 'Ipsam labore labore et amet. Quasi expedita numquam officiis illum molestias. Eos ea laborum nihil. Et est qui id distinctio totam.', 'PUBLISHED', 'https://lorempixel.com/1200/400/?37583', '2017-11-28 19:13:04', '2017-11-28 19:13:04'),
(55, 4, 4, 'Natus dolore id exercitationem.', 'natus-dolore-id-exercitationem', 'Nam beatae distinctio excepturi cum veritatis. Qui aut iusto ipsa incidunt quo.', 'Aut quasi qui ab quia. Consequuntur voluptas sed nihil impedit in rem nemo.', 'PUBLISHED', 'https://lorempixel.com/1200/400/?81133', '2017-11-28 19:13:04', '2017-11-28 19:13:04'),
(56, 3, 20, 'Quibusdam aut ex autem.', 'quibusdam-aut-ex-autem', 'Voluptatem sed vitae totam deleniti. Ut laborum impedit architecto est praesentium. Consequatur aut sequi officiis quia neque aperiam unde.', 'Assumenda eos excepturi voluptas non ullam voluptatem soluta. Qui dolores laudantium assumenda deserunt sed nobis omnis enim. Quia dolorem rerum hic ut cupiditate. Dolores dignissimos libero quidem hic repudiandae reprehenderit repellat est.', 'PUBLISHED', 'https://lorempixel.com/1200/400/?34082', '2017-11-28 19:13:04', '2017-11-28 19:13:04'),
(57, 6, 12, 'Labore eos et.', 'labore-eos-et', 'Distinctio possimus debitis est odit molestiae officiis perspiciatis. Et sed qui quia. Quibusdam corporis debitis officia velit maiores voluptatum veniam.', 'Deleniti necessitatibus velit ab id ipsam molestiae enim neque. Laudantium et ut dicta quae ea nihil accusantium. Tenetur incidunt dolorem optio repudiandae. Officia quis tempora veritatis quia est.', 'PUBLISHED', 'https://lorempixel.com/1200/400/?53408', '2017-11-28 19:13:04', '2017-11-28 19:13:04'),
(58, 1, 17, 'Omnis tempore hic aut.', 'omnis-tempore-hic-aut', 'Reprehenderit dolor est sit aut quia. Est blanditiis mollitia unde perspiciatis inventore iure. Vel quaerat qui libero dolor officia quas doloremque. Est eum aut deleniti et consectetur voluptatum.', 'Et doloremque doloribus et eveniet nihil pariatur et. Cupiditate dolore sapiente non dolores dicta labore corporis. Omnis enim ut voluptas at culpa consectetur accusamus. Iure qui et vel temporibus et sunt id reiciendis.', 'PUBLISHED', 'https://lorempixel.com/1200/400/?56725', '2017-11-28 19:13:04', '2017-11-28 19:13:04'),
(59, 10, 4, 'Placeat culpa voluptatum ut.', 'placeat-culpa-voluptatum-ut', 'Eligendi illo eligendi et iure voluptatem quia. Earum asperiores dolor nisi et a voluptates dolorem. Reiciendis voluptate distinctio aut ex est. Sed quia numquam temporibus quod.', 'Dolorem in harum et alias repellat harum esse. Velit dicta eum explicabo aperiam sunt possimus. Voluptas voluptas eaque sint architecto. Veniam quos est praesentium quisquam nesciunt illum illum. Vitae voluptatem quo voluptatem.', 'PUBLISHED', 'https://lorempixel.com/1200/400/?36618', '2017-11-28 19:13:04', '2017-11-28 19:13:04'),
(60, 3, 4, 'Et eos sit est.', 'et-eos-sit-est', 'Dolorum debitis esse et eveniet pariatur iusto aspernatur. Eaque accusamus beatae aut sequi. Omnis nihil temporibus assumenda id vel porro nemo.', 'Eius at consequatur quia doloremque. Incidunt sit facilis recusandae dolor incidunt dignissimos.', 'PUBLISHED', 'https://lorempixel.com/1200/400/?73849', '2017-11-28 19:13:05', '2017-11-28 19:13:05'),
(61, 10, 9, 'Eos expedita dolores assumenda.', 'eos-expedita-dolores-assumenda', 'Ducimus nihil ipsam voluptatem quam repudiandae. Accusamus eligendi natus quis nobis ut aliquid consequuntur. Consectetur expedita velit incidunt porro.', 'Omnis sit deleniti repellat laborum. Id fugiat sint earum velit laudantium dolorem quidem. Quibusdam quos nihil molestiae perferendis sed natus nulla.', 'DRAFT', 'https://lorempixel.com/1200/400/?42248', '2017-11-28 19:13:05', '2017-11-28 19:13:05'),
(62, 7, 5, 'Rerum at facilis quis.', 'rerum-at-facilis-quis', 'Id dicta corrupti vero eum. Unde debitis qui voluptate voluptatem. Ut quidem ipsum reiciendis cum.', 'Quo dolore iusto enim ipsum esse quis. Nemo in est omnis veniam. Saepe sed et quaerat repellat recusandae beatae omnis a.', 'DRAFT', 'https://lorempixel.com/1200/400/?73275', '2017-11-28 19:13:05', '2017-11-28 19:13:05'),
(63, 4, 7, 'Animi nihil veniam ab qui reiciendis.', 'animi-nihil-veniam-ab-qui-reiciendis', 'Voluptatem qui cumque blanditiis nisi. Aperiam dolores et neque consequatur aliquid deleniti. Iste aut ut odio dolor libero dolorem deserunt.', 'Quo voluptatibus nihil et harum. Nostrum dolor ut perspiciatis unde. Rerum quaerat iusto deleniti odio vel quibusdam. Itaque quis nesciunt voluptatem repellendus vel fugit dolores.', 'DRAFT', 'https://lorempixel.com/1200/400/?45026', '2017-11-28 19:13:05', '2017-11-28 19:13:05'),
(64, 1, 14, 'Nihil quis omnis nisi dolorem.', 'nihil-quis-omnis-nisi-dolorem', 'Ea rerum nihil sunt voluptas voluptatum. Iusto veniam consequatur est quis et. Quae dolorem est non sed quisquam.', 'Esse officia aut ad voluptate unde. Qui aut aliquid dolores fugiat nostrum qui vel. Consectetur consequatur laudantium aut quaerat fuga est. Nulla perspiciatis possimus voluptatem recusandae tenetur odio.', 'DRAFT', 'https://lorempixel.com/1200/400/?75515', '2017-11-28 19:13:05', '2017-11-28 19:13:05'),
(65, 6, 6, 'Consequatur praesentium sunt.', 'consequatur-praesentium-sunt', 'Laborum tempore culpa soluta laborum sed. Est molestias necessitatibus optio. Quasi eaque mollitia deleniti et aut. Aspernatur accusantium et voluptate.', 'Sequi sit autem maxime repellendus expedita. Ipsam velit placeat nihil consequatur. Est aut architecto molestiae repellendus veniam sunt rerum natus.', 'PUBLISHED', 'https://lorempixel.com/1200/400/?47099', '2017-11-28 19:13:05', '2017-11-28 19:13:05'),
(66, 4, 16, 'Ut doloremque ipsam.', 'ut-doloremque-ipsam', 'Ut odio accusamus autem inventore repellendus sint. Ut quisquam animi non aut nostrum laudantium laudantium. Provident nihil sunt eos iste ea.', 'Vel earum esse qui sed explicabo. Sed non qui ipsum omnis. Reprehenderit aut aut vero quia.', 'PUBLISHED', 'https://lorempixel.com/1200/400/?95393', '2017-11-28 19:13:05', '2017-11-28 19:13:05'),
(67, 4, 7, 'Sed et nemo aut.', 'sed-et-nemo-aut', 'Sunt perferendis modi doloremque libero. Ea quo perspiciatis adipisci. Unde omnis quae officiis. Accusantium perspiciatis sit omnis praesentium. Deleniti veniam quo aut cum fugit.', 'Qui sed sit molestiae itaque natus deleniti asperiores. Possimus quis eaque omnis laboriosam ab. Quos illum vero dolorum velit est sequi ex.', 'PUBLISHED', 'https://lorempixel.com/1200/400/?96404', '2017-11-28 19:13:05', '2017-11-28 19:13:05'),
(68, 4, 5, 'Minima consequatur est eum.', 'minima-consequatur-est-eum', 'Possimus suscipit molestiae et eum est aut repudiandae. Ea error quae ipsam dolores molestiae. Nobis odio laudantium enim aut occaecati consequatur quia.', 'Sequi aut soluta consequatur et enim voluptas ut sunt. Consequatur consequuntur a fuga esse minima. Necessitatibus eligendi eius aut aut impedit et laudantium maxime. Ut et facilis eum aliquid ut occaecati autem.', 'DRAFT', 'https://lorempixel.com/1200/400/?12107', '2017-11-28 19:13:05', '2017-11-28 19:13:05'),
(69, 1, 18, 'Sed voluptas eligendi nemo vel autem.', 'sed-voluptas-eligendi-nemo-vel-autem', 'Accusamus inventore et nobis dolores rerum. Laboriosam voluptas rem vel aspernatur enim. Sapiente labore est molestiae velit.', 'Aut facilis voluptas fugiat libero nihil. Ex voluptatibus dolor nesciunt totam tenetur. Voluptas iste nulla vel soluta.', 'DRAFT', 'https://lorempixel.com/1200/400/?73870', '2017-11-28 19:13:05', '2017-11-28 19:13:05'),
(70, 10, 6, 'Veritatis ea temporibus earum aut.', 'veritatis-ea-temporibus-earum-aut', 'Natus eius fugiat neque et. Maxime assumenda sed in accusamus delectus quis odit. Et eveniet ut quis qui quia aspernatur placeat aut. Eum et aut praesentium.', 'Praesentium amet eum sit error ipsam repellendus asperiores. Distinctio doloribus ipsa sed voluptate praesentium et. Necessitatibus architecto asperiores facere suscipit. Culpa ex placeat qui omnis sit amet. Architecto odit enim id aut natus.', 'PUBLISHED', 'https://lorempixel.com/1200/400/?41891', '2017-11-28 19:13:05', '2017-11-28 19:13:05'),
(71, 7, 19, 'Sed reprehenderit dicta est nihil.', 'sed-reprehenderit-dicta-est-nihil', 'Qui dolores adipisci placeat libero. Ut numquam quis sed. Dolorem ullam quis porro nihil. Laudantium autem autem voluptate similique et at dicta itaque.', 'Facere quas maxime laudantium est reprehenderit qui. Eaque quas cum veniam commodi corrupti dignissimos animi in. Mollitia excepturi numquam autem quo. Sunt suscipit dolor voluptatem ad eligendi nihil nisi.', 'DRAFT', 'https://lorempixel.com/1200/400/?74206', '2017-11-28 19:13:05', '2017-11-28 19:13:05'),
(72, 9, 12, 'Sed in facilis.', 'sed-in-facilis', 'Doloribus saepe necessitatibus eaque eius sit. Ad nobis rerum blanditiis ea et voluptas aut. Alias ipsa hic enim placeat qui rerum.', 'Possimus tempora dolores quisquam officia in. Molestiae non quos quo iste adipisci qui quisquam. Commodi voluptatem cum et optio aperiam.', 'DRAFT', 'https://lorempixel.com/1200/400/?94851', '2017-11-28 19:13:05', '2017-11-28 19:13:05'),
(73, 4, 20, 'Deserunt ab sunt.', 'deserunt-ab-sunt', 'Repellat culpa distinctio est quod officia et dolores. Repellat tempore similique iusto doloribus in.', 'Ut maiores quos voluptas est. Occaecati consequatur vitae omnis qui eveniet autem et. Dolores repellat aspernatur nam voluptatem iure qui. Enim ad aut iusto repellat excepturi aliquam velit.', 'PUBLISHED', 'https://lorempixel.com/1200/400/?79867', '2017-11-28 19:13:05', '2017-11-28 19:13:05'),
(74, 3, 9, 'Sed et et rem.', 'sed-et-et-rem', 'Perferendis earum consequuntur dolores dignissimos quo aut eaque. Cumque aut dolorem dolorem eos fugit. Eligendi totam et molestias aliquam facilis. Placeat eius inventore minus ut ab.', 'Cum qui quia sunt doloremque non voluptate. Vel repellat et temporibus. Est optio doloribus eos quia.', 'DRAFT', 'https://lorempixel.com/1200/400/?18500', '2017-11-28 19:13:05', '2017-11-28 19:13:05'),
(75, 1, 19, 'Nemo ipsa accusamus quae.', 'nemo-ipsa-accusamus-quae', 'Est laborum tempore qui quibusdam. Ut iusto consequatur repudiandae velit. Laborum rerum sequi dolores iusto ipsam rem. Praesentium voluptatem velit exercitationem beatae quaerat quo.', 'Nam autem doloremque officiis dolorum fugit aut. Facere laudantium repellendus mollitia vitae eum. Dignissimos in magni sit a repellat optio. Ducimus aliquid et magnam id laboriosam harum quia reprehenderit.', 'PUBLISHED', 'https://lorempixel.com/1200/400/?11814', '2017-11-28 19:13:05', '2017-11-28 19:13:05'),
(76, 6, 11, 'Ut quos quia sit aut.', 'ut-quos-quia-sit-aut', 'Officia sapiente tempora ea dicta veniam. Amet et molestiae vitae voluptatum nisi magnam. Magnam alias ducimus et nisi.', 'Optio quas debitis sapiente error. Nemo aspernatur rerum cumque debitis saepe. Quaerat provident natus eos sequi.', 'PUBLISHED', 'https://lorempixel.com/1200/400/?59174', '2017-11-28 19:13:05', '2017-11-28 19:13:05'),
(77, 1, 6, 'Nisi recusandae occaecati ab.', 'nisi-recusandae-occaecati-ab', 'Quo veniam quia alias ea. Perspiciatis labore soluta fugiat voluptatem. Voluptas dolores corrupti ullam aliquam accusantium aut ut.', 'Eius in odio quos rerum. Quia sed optio voluptatibus cupiditate ullam. Nulla ea nulla sequi a. Voluptatem totam facere illo minima. Recusandae aut eaque ab est est veniam. Magni eius nostrum inventore.', 'DRAFT', 'https://lorempixel.com/1200/400/?32079', '2017-11-28 19:13:05', '2017-11-28 19:13:05'),
(78, 9, 1, 'Illo ab dolorem quia odio.', 'illo-ab-dolorem-quia-odio', 'Tempore est vitae sunt. Facilis cum repellendus minus delectus. Quis impedit perferendis nulla maxime et. Dolor ratione quis eos quo in enim.', 'Exercitationem rerum dolor quia ab inventore pariatur iusto. In reiciendis tenetur voluptatum voluptas. Quia esse ipsa fugiat cupiditate ipsum. Aut itaque neque libero quaerat facere nostrum.', 'DRAFT', 'https://lorempixel.com/1200/400/?42056', '2017-11-28 19:13:05', '2017-11-28 19:13:05'),
(79, 3, 1, 'Officiis dignissimos at facere veniam quidem.', 'officiis-dignissimos-at-facere-veniam-quidem', 'Quibusdam totam aperiam id et. Maxime similique assumenda accusantium maxime.', 'Sed eius praesentium maiores sed nihil rerum harum molestias. Nesciunt ab deserunt iure assumenda est. Qui eos omnis non odio. Pariatur nemo hic quibusdam esse fuga laboriosam beatae atque.', 'PUBLISHED', 'https://lorempixel.com/1200/400/?88493', '2017-11-28 19:13:05', '2017-11-28 19:13:05'),
(80, 9, 15, 'Voluptatem cumque eius ad id.', 'voluptatem-cumque-eius-ad-id', 'Rem perspiciatis sunt hic iste quos. Et repellendus ipsa voluptatibus dolores. Consequatur deleniti ratione eum ab earum.', 'Maxime ea perferendis aliquid eveniet. Ea earum nihil facilis. Ex vel omnis consequatur accusantium. Architecto assumenda in sapiente.', 'PUBLISHED', 'https://lorempixel.com/1200/400/?44987', '2017-11-28 19:13:05', '2017-11-28 19:13:05'),
(81, 1, 12, 'Aut tempore ea.', 'aut-tempore-ea', 'Cumque fuga sunt aut sit. Cumque possimus alias nisi ut ipsam quidem in enim. Nulla sed ut unde vel enim et. Quia vero quo dolor quia.', 'Aut doloremque ad sit qui modi in. Labore sit accusamus inventore possimus a sed reprehenderit. Magni voluptas delectus aperiam. Reiciendis hic nam dolorum.', 'DRAFT', 'https://lorempixel.com/1200/400/?28578', '2017-11-28 19:13:05', '2017-11-28 19:13:05'),
(82, 7, 17, 'Explicabo vitae adipisci officia.', 'explicabo-vitae-adipisci-officia', 'Sed libero rerum laboriosam nisi sunt ab est. Voluptate sed et veniam nihil ex. Repellendus nihil dolorem optio dolore cumque. Ipsum et quod harum quo maiores praesentium ut.', 'Tempora blanditiis reiciendis et autem quis vel. Natus quas consequuntur nihil est inventore cupiditate. Deleniti pariatur vel consectetur nemo.', 'PUBLISHED', 'https://lorempixel.com/1200/400/?82651', '2017-11-28 19:13:05', '2017-11-28 19:13:05'),
(83, 2, 20, 'In dignissimos sunt qui praesentium.', 'in-dignissimos-sunt-qui-praesentium', 'Tempore et quia qui magni. Laudantium quia amet qui adipisci. In non beatae incidunt et harum.', 'Eum enim ea dolorem ullam ut commodi odit. Veritatis non officia impedit voluptatem iste vero non. Aperiam corporis eligendi accusantium et rerum.', 'DRAFT', 'https://lorempixel.com/1200/400/?32759', '2017-11-28 19:13:05', '2017-11-28 19:13:05'),
(84, 8, 20, 'Quos distinctio quam.', 'quos-distinctio-quam', 'Voluptatem atque et ut iste. Voluptas in impedit eum sed. Architecto dolor eaque in eos ullam nemo commodi.', 'Doloremque molestiae omnis quo. Doloribus beatae dolores placeat sed aut. Sunt sequi numquam omnis sint et quibusdam accusamus.', 'PUBLISHED', 'https://lorempixel.com/1200/400/?95082', '2017-11-28 19:13:05', '2017-11-28 19:13:05'),
(85, 10, 14, 'Et vero qui officiis voluptas.', 'et-vero-qui-officiis-voluptas', 'Non sint illum error nulla ea architecto. Sed atque qui nihil itaque vero optio reprehenderit. Saepe distinctio tempora est tempora dicta vitae.', 'Vel rerum saepe dolorem vel vitae quis perspiciatis. Perferendis corrupti porro libero ipsum aliquam illum aut. Veritatis eaque velit impedit vero voluptatem eaque. Dolorem ut qui magnam a molestiae ut.', 'DRAFT', 'https://lorempixel.com/1200/400/?13890', '2017-11-28 19:13:05', '2017-11-28 19:13:05'),
(86, 4, 11, 'Modi aut at.', 'modi-aut-at', 'Et nobis quae enim quo eum fuga. Repudiandae illo consequatur ipsum deleniti non distinctio. Exercitationem quis porro animi.', 'Ducimus quod expedita et provident consequuntur. Ea optio voluptatem aperiam magni ipsum est alias. Ut et quis asperiores corrupti recusandae assumenda ex. Eveniet voluptates quae rerum accusantium.', 'DRAFT', 'https://lorempixel.com/1200/400/?89991', '2017-11-28 19:13:05', '2017-11-28 19:13:05'),
(87, 3, 12, 'Nihil non sunt repellendus.', 'nihil-non-sunt-repellendus', 'Corporis sit saepe dolor molestiae facilis. Doloribus consequatur minus sed sunt odit commodi adipisci vitae. At facilis neque praesentium harum. Laboriosam omnis libero explicabo ea qui.', 'Et porro et beatae est rem dolor. Architecto error consequatur dolorum quas quam. Saepe consequatur nesciunt quam et modi.', 'DRAFT', 'https://lorempixel.com/1200/400/?29646', '2017-11-28 19:13:06', '2017-11-28 19:13:06'),
(88, 10, 2, 'Vero temporibus ipsum magnam.', 'vero-temporibus-ipsum-magnam', 'Tempora modi quaerat libero voluptatibus quod. Pariatur enim nesciunt maiores occaecati maiores sunt est. Sunt ipsam ad iusto maxime id consequatur autem.', 'Laboriosam quibusdam accusantium delectus eaque. Sit et temporibus earum exercitationem id. Asperiores id fugit omnis quaerat.', 'DRAFT', 'https://lorempixel.com/1200/400/?45471', '2017-11-28 19:13:06', '2017-11-28 19:13:06'),
(89, 6, 5, 'Sapiente odio ratione magnam vitae.', 'sapiente-odio-ratione-magnam-vitae', 'Dignissimos eius sequi maiores reprehenderit minima rerum. Quia quia totam dolorem. Praesentium nobis est dolorem et. Distinctio qui at quis quo et quos corrupti.', 'Laborum culpa modi quos magnam molestiae. Nostrum deserunt architecto occaecati atque fugiat nihil. Laborum ut laborum soluta natus voluptatem.', 'PUBLISHED', 'https://lorempixel.com/1200/400/?75472', '2017-11-28 19:13:06', '2017-11-28 19:13:06'),
(90, 8, 18, 'Autem veniam animi non quia et.', 'autem-veniam-animi-non-quia-et', 'Repellat autem sunt debitis inventore tenetur. Alias et qui libero est aut et. Quo laudantium natus saepe quo.', 'Quis cumque voluptatum suscipit dolorem nulla aut id. Explicabo sed similique natus quam. Repellat fugiat fugiat et repellat totam ea.', 'DRAFT', 'https://lorempixel.com/1200/400/?49702', '2017-11-28 19:13:06', '2017-11-28 19:13:06'),
(91, 6, 11, 'Rerum hic repellat non cumque quibusdam.', 'rerum-hic-repellat-non-cumque-quibusdam', 'Accusamus aut et officia sunt ex quis incidunt. Saepe tempore consequatur ea nihil. Vel dolores est ut nesciunt. Adipisci ipsum dolor assumenda molestias ea consequuntur.', 'Et aut quibusdam ut enim. Dolor illo aut cumque quod voluptatem. Officia ullam ipsum aut est iste eos officiis.', 'PUBLISHED', 'https://lorempixel.com/1200/400/?72837', '2017-11-28 19:13:06', '2017-11-28 19:13:06'),
(92, 2, 15, 'Architecto dolores accusamus ratione suscipit est.', 'architecto-dolores-accusamus-ratione-suscipit-est', 'Ut corrupti similique fugiat odio quasi qui. Voluptas amet saepe impedit. Exercitationem dignissimos nihil sint nihil dignissimos est.', 'Tenetur doloribus ullam et iste rerum omnis est. Accusantium totam rem illum molestiae velit sunt. Reprehenderit expedita maxime harum dolor. Et deserunt officia dolores aut eum quisquam beatae.', 'PUBLISHED', 'https://lorempixel.com/1200/400/?47636', '2017-11-28 19:13:06', '2017-11-28 19:13:06'),
(93, 7, 1, 'Ipsum aut nemo.', 'ipsum-aut-nemo', 'Cupiditate voluptatem doloremque est et sed tenetur corporis autem. Et dolor consequuntur rerum. Reiciendis tenetur in nostrum. Voluptate velit maxime deleniti exercitationem.', 'Aut animi totam mollitia quo est at laudantium. Eveniet unde hic velit dolor placeat eaque. Quod explicabo deleniti qui ea perspiciatis est est. Et in exercitationem doloribus rem non.', 'DRAFT', 'https://lorempixel.com/1200/400/?56717', '2017-11-28 19:13:06', '2017-11-28 19:13:06'),
(94, 5, 15, 'Rem numquam temporibus iure modi magnam.', 'rem-numquam-temporibus-iure-modi-magnam', 'Repellat odit quis et sit provident non quidem cum. Ab sed aspernatur consequatur architecto esse qui nesciunt architecto. Ad quasi quibusdam ullam molestiae. Sed ut vero hic ea.', 'Dolores sit culpa nostrum cupiditate aut. Et dolor sit eos qui aut ea et. Assumenda ab debitis qui sed. Sapiente eum et soluta quibusdam numquam deserunt dolorum.', 'PUBLISHED', 'https://lorempixel.com/1200/400/?82830', '2017-11-28 19:13:06', '2017-11-28 19:13:06'),
(95, 7, 13, 'In iste amet labore modi.', 'in-iste-amet-labore-modi', 'Dignissimos quisquam reprehenderit aut rerum. Sit corrupti illum et voluptatem voluptatem eos nesciunt. Laboriosam et nostrum deserunt eveniet ea cum nesciunt. Qui dolorem quos sequi qui.', 'Commodi qui vitae ut deleniti asperiores sapiente. Consequatur reprehenderit voluptates repudiandae. Tempore enim eligendi sed rerum sit consequatur.', 'DRAFT', 'https://lorempixel.com/1200/400/?95006', '2017-11-28 19:13:06', '2017-11-28 19:13:06'),
(96, 2, 13, 'Sint et sequi eligendi.', 'sint-et-sequi-eligendi', 'Consequatur ut saepe at et qui. Corporis quod fugit veniam eum architecto occaecati. Provident eum molestiae id iste. Nisi eos alias rerum maiores magni iste.', 'Tenetur aliquam tenetur alias. Maxime a dolores maxime quod veniam. Et aut ut quas maxime suscipit mollitia. A est nihil in tempora eius et. Harum at itaque velit est expedita et voluptatem aut. Sit qui et commodi veniam delectus provident.', 'PUBLISHED', 'https://lorempixel.com/1200/400/?42108', '2017-11-28 19:13:06', '2017-11-28 19:13:06'),
(97, 10, 16, 'Eius expedita voluptas earum inventore.', 'eius-expedita-voluptas-earum-inventore', 'Et voluptas quisquam eum non quidem. Corporis magnam quia doloribus. Odio nihil qui et.', 'Officiis reiciendis praesentium quo rem ex tenetur. Ipsum voluptatem architecto impedit blanditiis. Possimus ipsam voluptas consequuntur molestiae quidem repellat quia.', 'DRAFT', 'https://lorempixel.com/1200/400/?55196', '2017-11-28 19:13:06', '2017-11-28 19:13:06'),
(98, 4, 15, 'Dolore quod quos eos.', 'dolore-quod-quos-eos', 'Voluptatem consequatur nostrum et praesentium odit corporis. Sed ipsam sunt iure velit. Odit ducimus distinctio ab illum et aut.', 'Dolor nihil et officia eum quam enim. At quia praesentium voluptatibus temporibus natus sed consequatur.', 'DRAFT', 'https://lorempixel.com/1200/400/?14173', '2017-11-28 19:13:06', '2017-11-28 19:13:06'),
(99, 3, 11, 'Voluptatem impedit harum et sed.', 'voluptatem-impedit-harum-et-sed', 'Perferendis similique maxime sint sed rerum cum. Nam enim doloremque nulla labore dolorem. Voluptates rerum voluptatem iste expedita dolor labore. Amet a fuga totam aut.', 'Vero dignissimos vel explicabo et neque molestiae ut quia. Aut est delectus alias dolores blanditiis deserunt hic fugiat. Deleniti molestiae odio reprehenderit perspiciatis aspernatur dolores non. Et unde eveniet et ipsam atque.', 'DRAFT', 'https://lorempixel.com/1200/400/?88887', '2017-11-28 19:13:06', '2017-11-28 19:13:06'),
(100, 7, 13, 'Quisquam sint accusantium.', 'quisquam-sint-accusantium', 'Mollitia possimus nam a ea eveniet magnam cumque vel. Odio fuga voluptatum a debitis et. Vitae autem magnam reprehenderit blanditiis soluta quae dolorem.', 'Eos doloremque architecto quas at. Eveniet id dignissimos dolor sunt ut atque. Nisi nulla molestiae quibusdam vel. Dicta error voluptatem impedit. Quia et iusto praesentium qui. Nam numquam rerum et sit quo. Quae sed occaecati porro temporibus accusamus.', 'DRAFT', 'https://lorempixel.com/1200/400/?22668', '2017-11-28 19:13:06', '2017-11-28 19:13:06');
INSERT INTO `posts` (`id`, `user_id`, `category_id`, `name`, `slug`, `excerpt`, `body`, `status`, `file`, `created_at`, `updated_at`) VALUES
(101, 2, 7, 'Saepe et vel.', 'saepe-et-vel', 'Voluptatem magni nihil ut et consequatur natus. Quasi consequuntur quia et rerum dolorum molestias labore nam. Non omnis quae dicta et iusto aperiam beatae.', 'Dignissimos rem dolores quis nemo non. Eum cupiditate velit sit et ut voluptatibus neque. Ducimus eos molestiae libero et. Reprehenderit quia fuga omnis quaerat enim. Aliquid veritatis et nisi ipsum aliquid. Amet veniam sint rem aut similique et est.', 'PUBLISHED', 'https://lorempixel.com/1200/400/?59393', '2017-11-28 19:13:06', '2017-11-28 19:13:06'),
(102, 2, 13, 'Ut pariatur sunt maxime.', 'ut-pariatur-sunt-maxime', 'Blanditiis magnam voluptatum et ipsum laborum velit voluptatem id. Eum vero non id. Dolor rerum aut ratione quae omnis hic unde error. Quae aut esse in et quia itaque.', 'Sit itaque iusto animi. Veritatis soluta modi facere dignissimos repudiandae suscipit maxime esse. Error aut totam temporibus placeat omnis. Autem quia fugit cumque qui.', 'PUBLISHED', 'https://lorempixel.com/1200/400/?10464', '2017-11-28 19:13:06', '2017-11-28 19:13:06'),
(103, 4, 2, 'Eos id delectus quibusdam.', 'eos-id-delectus-quibusdam', 'Facere voluptatibus impedit voluptas vel corrupti nobis minus. Velit occaecati molestias recusandae velit dignissimos. Et odit et voluptas nobis blanditiis.', 'Odio et consequatur voluptas qui exercitationem. Tempore possimus sed velit quisquam aliquam rem cupiditate repellendus. Quidem consectetur quia sequi.', 'PUBLISHED', 'https://lorempixel.com/1200/400/?25788', '2017-11-28 19:13:06', '2017-11-28 19:13:06'),
(104, 5, 9, 'Itaque voluptatem enim modi eum quasi.', 'itaque-voluptatem-enim-modi-eum-quasi', 'Repellendus voluptatem quis voluptatem. Ut rerum quis quia nulla. Totam est minus aut ut. Esse est rerum consequuntur minima nobis labore doloremque.', 'Voluptas quia atque tempore ipsum eius totam neque ipsa. Nihil dolores incidunt dolores quaerat vitae ad. Quae eos at dignissimos. Id fugiat sint ut dolorum praesentium expedita eos.', 'PUBLISHED', 'https://lorempixel.com/1200/400/?25078', '2017-11-28 19:13:06', '2017-11-28 19:13:06'),
(105, 2, 7, 'Sunt eveniet ipsam saepe.', 'sunt-eveniet-ipsam-saepe', 'Voluptas necessitatibus dolorum non veniam tenetur quis sapiente. Aut quas et non in tempora aut voluptate. Nihil temporibus itaque voluptatum et expedita.', 'Corrupti magnam aut laborum tempora. Animi sed rem velit. Dolorum non ut ut officia qui aliquid. Sed ipsa impedit nihil exercitationem eum occaecati.', 'PUBLISHED', 'https://lorempixel.com/1200/400/?90206', '2017-11-28 19:13:06', '2017-11-28 19:13:06'),
(106, 6, 5, 'Iusto ut dolorem assumenda.', 'iusto-ut-dolorem-assumenda', 'Laboriosam quam magni deleniti. Tenetur est minima impedit. Ex aut vel delectus error eum reprehenderit. Officiis ipsum voluptatem suscipit ad.', 'Fugiat soluta animi explicabo maiores ex ut. Dolorum dolor voluptate et consequuntur quas. Totam repellat et facilis voluptatem. Aliquam rem et sit est velit. Aspernatur aut cupiditate explicabo ab et incidunt.', 'DRAFT', 'https://lorempixel.com/1200/400/?30598', '2017-11-28 19:13:06', '2017-11-28 19:13:06'),
(107, 5, 1, 'Veniam qui cumque id.', 'veniam-qui-cumque-id', 'Enim consequatur omnis fuga quas. Similique quis optio iste fugit dolores.', 'Placeat perferendis ipsum recusandae maxime qui. Suscipit fuga temporibus veniam ut. Voluptatibus molestiae libero sequi hic voluptas perferendis et. Est rerum nihil dolores et velit est rerum facilis.', 'PUBLISHED', 'https://lorempixel.com/1200/400/?16482', '2017-11-28 19:13:06', '2017-11-28 19:13:06'),
(108, 3, 16, 'Perferendis assumenda vel cum laborum.', 'perferendis-assumenda-vel-cum-laborum', 'Vel quos minima veniam sit et quam. Blanditiis temporibus a voluptatem voluptas cumque autem ullam. Harum architecto non labore modi exercitationem sunt.', 'Voluptate molestiae aut totam qui magni rem eum accusamus. Nisi dolor placeat labore quos natus aut. Omnis iusto deleniti porro molestiae aspernatur odio.', 'PUBLISHED', 'https://lorempixel.com/1200/400/?48780', '2017-11-28 19:13:06', '2017-11-28 19:13:06'),
(109, 6, 13, 'Hic perspiciatis qui accusantium ea ab.', 'hic-perspiciatis-qui-accusantium-ea-ab', 'A et aut sint itaque molestias saepe dolores. Ab culpa non aut alias molestiae corrupti error. Cupiditate mollitia ut vel.', 'Explicabo ab pariatur libero et ratione. Esse eos dolores earum non molestiae quia asperiores ut. Provident rem aut et nisi quaerat voluptates. A facilis aspernatur esse et ipsam explicabo molestias minus.', 'PUBLISHED', 'https://lorempixel.com/1200/400/?44620', '2017-11-28 19:13:06', '2017-11-28 19:13:06'),
(110, 5, 6, 'Similique et quisquam fugit.', 'similique-et-quisquam-fugit', 'Dolores repellat odio occaecati commodi similique. A magnam sint eum qui sequi necessitatibus. Dicta rerum omnis incidunt recusandae et quia sit nostrum.', 'Earum labore dolores quis distinctio culpa. Et ullam sed eos ut. Minima qui distinctio qui totam asperiores. Occaecati fugit architecto ipsum est quo et. Repellat possimus porro sed amet vitae in. Laudantium itaque consequatur velit.', 'DRAFT', 'https://lorempixel.com/1200/400/?70359', '2017-11-28 19:13:06', '2017-11-28 19:13:06'),
(111, 4, 2, 'Aut rerum qui repellendus.', 'aut-rerum-qui-repellendus', 'Omnis similique minus sunt vel quae. Fugiat dolorem maxime dolor labore. Reiciendis a ut in quidem. Debitis adipisci sint soluta sint quo nobis.', 'Voluptas quod dolorum accusamus aut blanditiis ut inventore. Illo nisi vero pariatur et. Voluptatem aut dolores voluptates alias placeat accusantium voluptatibus.', 'DRAFT', 'https://lorempixel.com/1200/400/?83119', '2017-11-28 19:13:06', '2017-11-28 19:13:06'),
(112, 8, 9, 'Incidunt ex et sit deserunt.', 'incidunt-ex-et-sit-deserunt', 'Qui quasi sed est. A reprehenderit corporis voluptatem aliquam quis voluptas. Minus et suscipit architecto omnis.', 'Et quia est labore inventore itaque. Nobis odit et aliquam amet ad repellendus. Omnis dolorum consequatur blanditiis sit distinctio autem occaecati. Quas id voluptatem quia qui sunt cumque soluta.', 'DRAFT', 'https://lorempixel.com/1200/400/?88757', '2017-11-28 19:13:06', '2017-11-28 19:13:06'),
(113, 2, 18, 'Eos autem repellat earum.', 'eos-autem-repellat-earum', 'Aperiam ut facere minima aut iste et. Autem error ea sapiente ea soluta. Labore nam pariatur adipisci rerum dicta fugiat. Omnis inventore quam laudantium quasi.', 'Dicta non qui magnam neque tempora autem. Optio et ut incidunt repudiandae non nobis aut sit. Rerum odit fugiat optio nam porro ipsum vitae. Ea laudantium ex quia et voluptatibus id ipsum. Quae quasi quas at accusantium consequuntur.', 'DRAFT', 'https://lorempixel.com/1200/400/?67162', '2017-11-28 19:13:06', '2017-11-28 19:13:06'),
(114, 5, 10, 'Aut ea eos sapiente.', 'aut-ea-eos-sapiente', 'Earum quo aliquid voluptatem fuga perspiciatis ut. Quam iusto perspiciatis expedita expedita quisquam. Ipsa impedit ea non odit porro.', 'Et temporibus nihil alias. At porro rerum expedita velit quae voluptates libero. Provident et et est eum rerum deserunt. Nam sint soluta optio explicabo est sequi quis.', 'PUBLISHED', 'https://lorempixel.com/1200/400/?83332', '2017-11-28 19:13:06', '2017-11-28 19:13:06'),
(115, 9, 20, 'Qui quaerat sunt inventore inventore.', 'qui-quaerat-sunt-inventore-inventore', 'Sit qui in sed. Velit sunt nisi sit esse. Quod ipsa impedit beatae sint consequatur est quidem.', 'Autem omnis perspiciatis sed dolorem. Qui facilis ut ratione rerum quo fugit ipsam quibusdam. Laborum et deleniti aperiam culpa hic magni repellat.', 'PUBLISHED', 'https://lorempixel.com/1200/400/?92496', '2017-11-28 19:13:06', '2017-11-28 19:13:06'),
(116, 9, 3, 'Et temporibus rerum deleniti.', 'et-temporibus-rerum-deleniti', 'Qui quo voluptatem explicabo nemo et ad dolor. Consequuntur ut cupiditate quasi nisi. Magnam et nulla laboriosam non velit similique cum ipsum.', 'Tempora tempore eos velit est perferendis ratione. Sapiente ea distinctio dolores sit vero impedit commodi. Eos in iure laboriosam aliquam nostrum nihil. Possimus ea officiis hic hic.', 'DRAFT', 'https://lorempixel.com/1200/400/?51688', '2017-11-28 19:13:06', '2017-11-28 19:13:06'),
(117, 8, 18, 'Dolore omnis nesciunt voluptatem.', 'dolore-omnis-nesciunt-voluptatem', 'Laborum rerum magnam quo. Vel vel itaque aut vel ut repudiandae voluptates. Cupiditate quisquam ullam reiciendis enim eligendi. Qui nostrum soluta reiciendis dicta.', 'Blanditiis ipsum fugiat expedita dolorum omnis. Officiis vitae iste laboriosam qui quidem ea sunt. Est architecto et beatae.', 'DRAFT', 'https://lorempixel.com/1200/400/?80948', '2017-11-28 19:13:06', '2017-11-28 19:13:06'),
(118, 3, 13, 'Sint quis nesciunt est provident quod.', 'sint-quis-nesciunt-est-provident-quod', 'Ut a consequatur debitis id inventore expedita vitae. Quas qui numquam deleniti. Ipsa maiores nisi et sed numquam neque odit.', 'Et nisi sed voluptatem sit error voluptates. Ipsa facere commodi quis et. Ut ullam omnis ex deleniti magni. Qui repellendus dolorem aut necessitatibus consequatur aspernatur. Doloremque consequatur veritatis officia eos.', 'DRAFT', 'https://lorempixel.com/1200/400/?55062', '2017-11-28 19:13:06', '2017-11-28 19:13:06'),
(119, 7, 10, 'Et facilis dolor ut.', 'et-facilis-dolor-ut', 'Aspernatur et aliquam et. Quia eveniet unde ab qui. Deleniti dolores et facere eum voluptates. Quos cum inventore aut vitae et vitae.', 'Ut hic voluptas ut pariatur iusto aliquid veritatis. Eum aut eum totam esse consequatur. Esse dolor cupiditate numquam fugit animi.', 'PUBLISHED', 'https://lorempixel.com/1200/400/?98753', '2017-11-28 19:13:06', '2017-11-28 19:13:06'),
(120, 3, 14, 'Et architecto est.', 'et-architecto-est', 'Est esse rerum omnis. Et facilis omnis voluptate nostrum. Dignissimos et sequi et at sint officiis maxime.', 'Ratione fugit ea dicta aut cum veritatis. Odio et dolores at. Adipisci dolorem cumque rerum sunt est fugit doloribus id. Dolore atque et consequatur libero quod vel. Doloribus reiciendis et modi et. Eaque nihil quaerat molestias.', 'PUBLISHED', 'https://lorempixel.com/1200/400/?40110', '2017-11-28 19:13:06', '2017-11-28 19:13:06'),
(121, 1, 7, 'Et ipsa cumque modi aliquid.', 'et-ipsa-cumque-modi-aliquid', 'Soluta soluta illo aspernatur consequatur. Blanditiis sunt et omnis et eum nobis dolorem nemo. Minus laudantium repellat mollitia.', 'Quia perspiciatis reprehenderit repellat nemo tempore qui aspernatur officiis. Cupiditate maxime et sit sit voluptatum reprehenderit. Quia a nobis accusamus reprehenderit eos.', 'PUBLISHED', 'https://lorempixel.com/1200/400/?89617', '2017-11-28 19:13:06', '2017-11-28 19:13:06'),
(122, 9, 10, 'Harum tenetur unde labore.', 'harum-tenetur-unde-labore', 'Vel hic fuga similique magni libero sint. Accusamus laborum ea sequi eaque ipsa. Dolorem voluptatibus voluptatibus et eos corrupti sunt. Suscipit molestiae velit quia veritatis autem.', 'Quia itaque qui sapiente officia sunt voluptatem voluptatem. Adipisci et eum enim minus aut libero impedit. Culpa perferendis incidunt et voluptatum non dignissimos maxime.', 'PUBLISHED', 'https://lorempixel.com/1200/400/?12334', '2017-11-28 19:13:06', '2017-11-28 19:13:06'),
(123, 7, 8, 'Quidem temporibus fugit assumenda.', 'quidem-temporibus-fugit-assumenda', 'Consequatur molestiae tempora rem. Commodi porro excepturi pariatur ut. Neque dolorum eum aliquam facere similique et in.', 'Ipsum quia consequatur deserunt. Aut id est molestiae dolores et quasi.', 'DRAFT', 'https://lorempixel.com/1200/400/?75206', '2017-11-28 19:13:06', '2017-11-28 19:13:06'),
(124, 7, 15, 'Occaecati necessitatibus quidem fugiat adipisci consequatur.', 'occaecati-necessitatibus-quidem-fugiat-adipisci-consequatur', 'Eum consequatur ex maiores sint iusto. Assumenda consectetur voluptatem molestias amet voluptatem temporibus.', 'Culpa ut non quam saepe distinctio dolor. Sunt aspernatur aperiam natus consequatur nobis. Nesciunt iusto ducimus dolores sapiente nihil aut voluptatibus. Hic blanditiis autem temporibus quidem. Sint atque eius et. Similique nihil iste qui fuga et ea.', 'PUBLISHED', 'https://lorempixel.com/1200/400/?35219', '2017-11-28 19:13:06', '2017-11-28 19:13:06'),
(125, 9, 2, 'Repellat qui rerum omnis quaerat.', 'repellat-qui-rerum-omnis-quaerat', 'Et voluptatem assumenda molestiae voluptatibus recusandae voluptas. Labore iure eveniet ratione voluptates consequatur. Qui nam vitae et.', 'Dolorum ea illum aut ratione similique quo. Sint ipsum numquam ipsam omnis libero voluptatum. Eum quis et et qui.', 'PUBLISHED', 'https://lorempixel.com/1200/400/?19064', '2017-11-28 19:13:06', '2017-11-28 19:13:06'),
(126, 8, 15, 'Qui quisquam accusantium.', 'qui-quisquam-accusantium', 'Veniam maxime quis excepturi vel. Voluptatem ut eos nisi ipsa aut. Fuga quia qui doloribus sint cumque optio. Velit quisquam ea cupiditate.', 'Autem similique soluta itaque natus. Repellat suscipit hic doloremque aspernatur porro sed. In qui omnis ut.', 'PUBLISHED', 'https://lorempixel.com/1200/400/?76867', '2017-11-28 19:13:06', '2017-11-28 19:13:06'),
(127, 5, 8, 'Minus expedita placeat dolores qui.', 'minus-expedita-placeat-dolores-qui', 'Quo nemo unde debitis at quia voluptatum deserunt. Veritatis eos vero est. Libero dolorem consequuntur quaerat omnis error. Occaecati quos repellat nobis quae sit sunt doloremque.', 'Modi saepe minima totam labore. Eos sapiente dolores voluptates est similique blanditiis. Minus sint accusamus quia provident praesentium est minus quia.', 'DRAFT', 'https://lorempixel.com/1200/400/?58199', '2017-11-28 19:13:07', '2017-11-28 19:13:07'),
(128, 8, 3, 'Saepe dolore enim quo blanditiis voluptas.', 'saepe-dolore-enim-quo-blanditiis-voluptas', 'Alias sint doloremque a nihil voluptatem. Ipsa fugiat odit modi ratione at id. Cumque non aut maxime eos.', 'Repudiandae excepturi tempore omnis laboriosam. Adipisci debitis possimus aspernatur id tenetur exercitationem maxime. Nulla nobis dolore facilis unde et corporis. Iusto eligendi delectus sequi fugiat ut velit temporibus.', 'DRAFT', 'https://lorempixel.com/1200/400/?99219', '2017-11-28 19:13:07', '2017-11-28 19:13:07'),
(129, 8, 17, 'Expedita porro tempore.', 'expedita-porro-tempore', 'Soluta id est doloremque neque. Qui nemo assumenda nulla voluptate inventore temporibus ipsam doloribus. Omnis at labore possimus ut doloribus provident ea. Ut voluptas eum vel.', 'Eligendi id nobis cumque unde optio. Optio aliquam totam ea. Ex nam enim at quibusdam pariatur et ut delectus. Est voluptatem necessitatibus quis debitis inventore maxime deleniti. Enim omnis eum et. Aut eligendi quos sed laborum voluptate.', 'DRAFT', 'https://lorempixel.com/1200/400/?30788', '2017-11-28 19:13:07', '2017-11-28 19:13:07'),
(130, 9, 3, 'Laborum dolorem esse at tempore.', 'laborum-dolorem-esse-at-tempore', 'Veritatis nobis dolores odio minus. Aut repellat facere vitae iste unde voluptas quo sequi. Quisquam possimus ut error. Impedit earum sequi nulla voluptatibus aut et pariatur deserunt.', 'Amet enim accusamus soluta. Necessitatibus in repellendus eveniet voluptatem libero vel amet. Nisi qui impedit adipisci. Ut aut unde aut aperiam et molestiae doloribus rerum.', 'PUBLISHED', 'https://lorempixel.com/1200/400/?42976', '2017-11-28 19:13:07', '2017-11-28 19:13:07'),
(131, 8, 6, 'Rerum consequuntur atque.', 'rerum-consequuntur-atque', 'Repellendus ratione ab nam animi omnis. Quia qui consequatur et consequatur dolor. Omnis illo velit nihil velit optio.', 'Suscipit nobis asperiores quia doloribus et architecto rerum. Aut mollitia quia ut non at reprehenderit sed. Voluptatem maiores qui sequi excepturi cum. Consequatur enim et ut numquam recusandae molestias.', 'PUBLISHED', 'https://lorempixel.com/1200/400/?61771', '2017-11-28 19:13:07', '2017-11-28 19:13:07'),
(132, 5, 11, 'Totam omnis adipisci.', 'totam-omnis-adipisci', 'Labore iste autem ut accusantium id ut illo. Esse sint mollitia dolorem quos qui eum. Unde a voluptatem cum. Omnis sit in illo autem.', 'Veniam placeat vel voluptas vel dolores cumque. Nihil temporibus ullam eius sunt autem consequatur. Beatae omnis fuga distinctio fugit fugit alias.', 'PUBLISHED', 'https://lorempixel.com/1200/400/?82263', '2017-11-28 19:13:07', '2017-11-28 19:13:07'),
(133, 8, 6, 'Possimus est excepturi molestiae.', 'possimus-est-excepturi-molestiae', 'Dolor dolorem quod perferendis minus voluptas dolor quia. Iusto voluptas culpa blanditiis aut. Aperiam sint exercitationem ipsa libero similique pariatur ullam.', 'Nostrum quisquam numquam officia nostrum repellat omnis consequatur. Sapiente ab ea voluptatem quaerat eveniet. Totam et optio architecto dolore adipisci in.', 'DRAFT', 'https://lorempixel.com/1200/400/?97862', '2017-11-28 19:13:07', '2017-11-28 19:13:07'),
(134, 9, 11, 'Tempora recusandae sequi.', 'tempora-recusandae-sequi', 'Doloribus dolores quis ut voluptate non temporibus. Ad tenetur et aliquid ut rerum. Animi animi voluptatem quia qui.', 'Et non sed itaque ex odio aliquam. Saepe explicabo aut repellendus voluptas facilis ex officiis. Et sunt rerum rem veniam. Repellendus deserunt ut ut unde alias. Rerum aut autem eum velit.', 'PUBLISHED', 'https://lorempixel.com/1200/400/?16424', '2017-11-28 19:13:07', '2017-11-28 19:13:07'),
(135, 5, 16, 'Id aliquid rerum totam ut.', 'id-aliquid-rerum-totam-ut', 'Voluptas est libero quaerat voluptatem reprehenderit vel. Corrupti autem qui et dolorem est eum repudiandae est. Molestias possimus delectus non ratione quis dolorem.', 'Accusamus voluptatem consequatur maiores. Possimus aspernatur reprehenderit et libero. Eos libero aspernatur labore quis est ut rerum. Ut nemo fugit occaecati aut nostrum. Optio velit quis qui et commodi.', 'PUBLISHED', 'https://lorempixel.com/1200/400/?65273', '2017-11-28 19:13:07', '2017-11-28 19:13:07'),
(136, 5, 16, 'Rerum animi quis.', 'rerum-animi-quis', 'Perspiciatis maxime culpa dolor quidem sed quia recusandae. Repellendus et molestiae et consequatur cumque laborum. Neque dicta laborum qui aut. Natus occaecati ex nisi error consectetur.', 'Aut aut quasi sapiente similique. Porro rem blanditiis labore qui vitae repellendus. Ut accusamus asperiores voluptatum veritatis et. Tenetur qui ratione occaecati et consequatur.', 'DRAFT', 'https://lorempixel.com/1200/400/?89901', '2017-11-28 19:13:07', '2017-11-28 19:13:07'),
(137, 4, 5, 'Ullam vero excepturi quae.', 'ullam-vero-excepturi-quae', 'Id iure ducimus vel aspernatur. Voluptatem ut aperiam est est.', 'Deleniti dolorem voluptate quibusdam occaecati ad in mollitia et. Et quibusdam nostrum quia dolorum iste ratione quis. Eaque qui ut recusandae repudiandae pariatur quod dolores. Necessitatibus architecto quisquam soluta voluptatem.', 'PUBLISHED', 'https://lorempixel.com/1200/400/?17254', '2017-11-28 19:13:07', '2017-11-28 19:13:07'),
(138, 5, 12, 'Corrupti voluptatem molestiae temporibus.', 'corrupti-voluptatem-molestiae-temporibus', 'Ea dolores non accusamus qui iusto nesciunt. Ipsa quibusdam aut facere voluptatibus. Error asperiores minima quod ipsum id harum.', 'Aut voluptas labore vero et vel. Eos repellat quidem aliquid. Quia atque quo eum perspiciatis totam quia voluptatem.', 'PUBLISHED', 'https://lorempixel.com/1200/400/?92488', '2017-11-28 19:13:07', '2017-11-28 19:13:07'),
(139, 3, 13, 'Ab eum veritatis in amet.', 'ab-eum-veritatis-in-amet', 'Hic unde minima unde laudantium sed sed quaerat. Eos sapiente aut non. Neque officiis facere quisquam magnam ipsam. Tempora illum consectetur et qui.', 'Ut nihil ipsam consequatur. Non dolor est aperiam sapiente. Autem placeat modi magnam cum quia quos quam.', 'DRAFT', 'https://lorempixel.com/1200/400/?11017', '2017-11-28 19:13:07', '2017-11-28 19:13:07'),
(140, 5, 12, 'Esse suscipit ab quo quia et.', 'esse-suscipit-ab-quo-quia-et', 'Dolor et ea ex ab. Laudantium aut totam qui.', 'Est reiciendis quas vel voluptatum. Rerum rerum enim ipsam facilis. Et provident in aperiam aut unde dignissimos. Corrupti similique odio ex et error dolores non totam.', 'DRAFT', 'https://lorempixel.com/1200/400/?95096', '2017-11-28 19:13:07', '2017-11-28 19:13:07'),
(141, 5, 9, 'Sed odit atque ea quisquam.', 'sed-odit-atque-ea-quisquam', 'Alias optio ab ipsa illo consequatur suscipit. Alias dolor ad et rerum.', 'A iste neque et. Consequatur dolores quis veniam quasi. Ad voluptate commodi magni dolor velit enim et.', 'DRAFT', 'https://lorempixel.com/1200/400/?87560', '2017-11-28 19:13:07', '2017-11-28 19:13:07'),
(142, 5, 1, 'Molestiae eos cupiditate.', 'molestiae-eos-cupiditate', 'Consequatur molestiae consectetur sint odit numquam et. Architecto nulla eveniet qui quos laborum voluptas.', 'Tempora praesentium accusantium ea voluptate cupiditate voluptatibus aspernatur sit. Rem libero sed voluptas quasi at. Eos est iusto delectus est omnis maxime.', 'PUBLISHED', 'https://lorempixel.com/1200/400/?36954', '2017-11-28 19:13:07', '2017-11-28 19:13:07'),
(143, 9, 13, 'Voluptatem reiciendis reprehenderit enim labore.', 'voluptatem-reiciendis-reprehenderit-enim-labore', 'Et animi ipsa magni aut totam aut harum. Aut ratione temporibus dolor. Quo aliquid similique nisi rem repellendus sed.', 'Maiores ut qui repudiandae odio ad sit ipsum ad. Quidem commodi voluptatem omnis delectus sed suscipit. Eveniet autem assumenda error quos. Ipsam tempora asperiores vero quo rerum maiores.', 'DRAFT', 'https://lorempixel.com/1200/400/?57732', '2017-11-28 19:13:07', '2017-11-28 19:13:07'),
(144, 2, 14, 'Corrupti sapiente est tenetur.', 'corrupti-sapiente-est-tenetur', 'Maiores temporibus aut est alias id. Enim quae at harum hic maxime optio ipsum.', 'Distinctio est aliquid rerum labore totam. Et ut temporibus perferendis animi aspernatur. In quidem similique et et omnis molestiae debitis.', 'DRAFT', 'https://lorempixel.com/1200/400/?87488', '2017-11-28 19:13:07', '2017-11-28 19:13:07'),
(145, 8, 13, 'Eaque quam excepturi et.', 'eaque-quam-excepturi-et', 'Voluptatem reiciendis id sit temporibus. Aut accusantium ab aut possimus corporis enim. Asperiores aut asperiores laboriosam aut labore quos pariatur.', 'Sequi enim quia sequi et. Dolores voluptate tenetur qui qui nulla quaerat adipisci mollitia. Quia omnis cumque et temporibus et consequatur.', 'PUBLISHED', 'https://lorempixel.com/1200/400/?17423', '2017-11-28 19:13:07', '2017-11-28 19:13:07'),
(146, 7, 14, 'Perspiciatis iste facere in.', 'perspiciatis-iste-facere-in', 'Perferendis dolorem magni odio fugiat vero velit. Et possimus error consequatur provident dicta ipsum.', 'Reprehenderit ex est exercitationem corrupti. Laborum sed sit quia dolorum quaerat. Quis hic cupiditate eligendi cum dolorem. Similique autem vero qui culpa natus. Voluptas ut non voluptates omnis similique.', 'DRAFT', 'https://lorempixel.com/1200/400/?67063', '2017-11-28 19:13:07', '2017-11-28 19:13:07'),
(147, 1, 10, 'Molestiae debitis ea rerum aut.', 'molestiae-debitis-ea-rerum-aut', 'Accusantium vero aut aut rerum atque. Doloribus aliquam repellat in ab odio. Ut perferendis quasi neque non. Numquam sapiente voluptatem ea suscipit illo id harum. Sed sed et sed dignissimos ea.', 'Odit consectetur doloribus labore voluptatibus ea nesciunt dolore. Amet omnis a ut perferendis at et. Explicabo natus dolor a dolorem praesentium eligendi ut.', 'PUBLISHED', 'https://lorempixel.com/1200/400/?70947', '2017-11-28 19:13:07', '2017-11-28 19:13:07'),
(148, 5, 17, 'Molestiae est nostrum.', 'molestiae-est-nostrum', 'Magnam atque non animi ducimus aut. Est sint maiores explicabo aut aut repudiandae qui non. Sed est similique voluptatem veniam suscipit.', 'Doloribus fugit ex aliquid voluptatem soluta aliquid. Quibusdam temporibus dolore quia praesentium provident. Molestiae voluptatem ut impedit sequi repellendus aperiam.', 'PUBLISHED', 'https://lorempixel.com/1200/400/?49986', '2017-11-28 19:13:07', '2017-11-28 19:13:07'),
(149, 1, 12, 'Voluptatem ut optio qui.', 'voluptatem-ut-optio-qui', 'Cum natus laboriosam molestiae enim. Quo doloribus nobis libero eum. Quis labore autem rerum et. Modi repudiandae illum consequatur qui eaque ipsa. Nam cum nostrum et est quas et.', 'Voluptatem aspernatur consequuntur est. Non sunt est accusamus enim a expedita nihil non. Ut qui eius delectus labore iusto cum.', 'PUBLISHED', 'https://lorempixel.com/1200/400/?28099', '2017-11-28 19:13:07', '2017-11-28 19:13:07'),
(150, 8, 6, 'Placeat earum fuga non.', 'placeat-earum-fuga-non', 'Quasi voluptas quibusdam non vitae facere eos. Reiciendis labore recusandae eos voluptatibus. Similique aut aut sed temporibus aut qui labore.', 'Sunt in non facere ut ut qui. Doloremque magnam harum amet. Dolores mollitia sapiente est et perferendis. Aut reiciendis minus beatae nam qui.', 'DRAFT', 'https://lorempixel.com/1200/400/?44798', '2017-11-28 19:13:07', '2017-11-28 19:13:07'),
(151, 7, 19, 'Provident voluptatem facilis.', 'provident-voluptatem-facilis', 'Molestias eos atque rerum repellendus sint esse possimus. Molestiae libero corrupti iusto consectetur. Ex veritatis consectetur est minima. Molestiae sit error explicabo est quia ea fuga repudiandae.', 'Aut quasi fugit quia quas adipisci optio beatae. Sint qui qui ut fugiat est odit dignissimos. Nemo sit facilis eos id asperiores. Delectus quis nisi id id. Facere doloremque et accusamus omnis eius. Delectus sit pariatur esse quae.', 'PUBLISHED', 'https://lorempixel.com/1200/400/?43464', '2017-11-28 19:13:07', '2017-11-28 19:13:07'),
(152, 1, 16, 'Et quia neque omnis.', 'et-quia-neque-omnis', 'Amet maiores animi eius omnis quae. Vero aut deleniti quis voluptas quia molestiae.', 'Magnam hic enim est magni inventore eligendi ipsum. Ullam tempora ea quia quis. Quia consectetur atque quia expedita porro. Sed nihil quos vel velit molestiae.', 'DRAFT', 'https://lorempixel.com/1200/400/?94204', '2017-11-28 19:13:07', '2017-11-28 19:13:07'),
(153, 1, 20, 'Dolor blanditiis sit mollitia.', 'dolor-blanditiis-sit-mollitia', 'Dolorum quisquam sed expedita esse culpa nam. Numquam est alias qui quod est placeat. Perferendis laboriosam nemo delectus. Ad explicabo eum consequatur delectus nam.', 'Nam asperiores ut aut quam ea. Necessitatibus laborum ut non est molestias. Enim at laborum saepe qui ipsum. Totam ut sint dolores cum facere et.', 'DRAFT', 'https://lorempixel.com/1200/400/?25354', '2017-11-28 19:13:07', '2017-11-28 19:13:07'),
(154, 5, 11, 'Sit nisi quam at.', 'sit-nisi-quam-at', 'Facere voluptas dolores quia consequatur velit tempore et magni. Ab quo autem cum deleniti. Qui quidem harum dolores amet molestiae alias sunt.', 'Quibusdam perspiciatis neque sunt ab. Expedita accusantium dolorem impedit quasi sit aliquam. Perferendis pariatur quibusdam aut laborum officia vitae exercitationem neque.', 'PUBLISHED', 'https://lorempixel.com/1200/400/?49460', '2017-11-28 19:13:07', '2017-11-28 19:13:07'),
(155, 3, 15, 'Eos voluptates dolorum est et velit.', 'eos-voluptates-dolorum-est-et-velit', 'Nesciunt omnis quaerat sed. Labore reiciendis aperiam nisi est voluptatem nam. Veniam eum quas labore et sequi. Eius nostrum rem voluptas ut.', 'Fugiat impedit officia quia. Et impedit harum autem corrupti sed. Omnis est fugiat eligendi cupiditate incidunt possimus. Magni eos quam in temporibus aspernatur nobis.', 'DRAFT', 'https://lorempixel.com/1200/400/?10937', '2017-11-28 19:13:07', '2017-11-28 19:13:07'),
(156, 6, 6, 'Maxime iure inventore quis.', 'maxime-iure-inventore-quis', 'Nihil fugiat molestias eum nisi. Adipisci excepturi perferendis dolores in est sit odit. Quia maxime ea libero sit mollitia. Nulla ut pariatur sunt modi debitis voluptatum modi inventore.', 'Doloribus officiis voluptatem sint dolores consequatur accusantium vel maxime. Dolor ea nostrum deserunt. Dolorum rem sit et qui. Accusamus ut ut suscipit accusantium et excepturi. Fuga labore dolor laborum voluptatum et autem.', 'DRAFT', 'https://lorempixel.com/1200/400/?17652', '2017-11-28 19:13:07', '2017-11-28 19:13:07'),
(157, 6, 14, 'Animi est optio mollitia.', 'animi-est-optio-mollitia', 'Consectetur nisi repellendus porro nemo est reiciendis. Facere nesciunt dicta et omnis. Vitae qui architecto ut est repudiandae maxime ea. Iusto odio omnis autem animi molestias deserunt ut.', 'Eos accusamus beatae pariatur non. Atque nihil consequatur temporibus illum quae explicabo. Sint a et deleniti et nulla asperiores et ipsam. Ut distinctio possimus occaecati facere explicabo maxime.', 'PUBLISHED', 'https://lorempixel.com/1200/400/?74654', '2017-11-28 19:13:07', '2017-11-28 19:13:07'),
(158, 6, 5, 'Facilis minima corrupti voluptates.', 'facilis-minima-corrupti-voluptates', 'Placeat alias est est a quam suscipit quidem. Dolorum quam similique nulla.', 'Doloribus autem veritatis adipisci in quis non et. Quo eos suscipit eaque ipsa non nam quasi. Eos tempora fugit debitis est repudiandae omnis dolorem.', 'PUBLISHED', 'https://lorempixel.com/1200/400/?48203', '2017-11-28 19:13:08', '2017-11-28 19:13:08'),
(159, 7, 14, 'Aut pariatur consequatur aliquid dolorem.', 'aut-pariatur-consequatur-aliquid-dolorem', 'Est optio ea cupiditate ducimus. Quia ab pariatur praesentium nostrum. Nulla aliquam dignissimos fuga officia nesciunt ut. Et aut saepe enim natus repudiandae rerum natus tempora.', 'Et dolor voluptatem facere ratione. Iusto doloribus sequi ut maxime ipsum culpa. Molestiae dolorem dolor quia qui. Qui porro omnis sint ut reprehenderit.', 'DRAFT', 'https://lorempixel.com/1200/400/?47572', '2017-11-28 19:13:08', '2017-11-28 19:13:08'),
(160, 10, 2, 'Porro ut non officia.', 'porro-ut-non-officia', 'Dignissimos fugit quidem enim molestiae illo facere. Numquam tempora laborum rerum exercitationem praesentium. Corporis voluptas placeat eos libero. Rerum beatae soluta unde omnis ea rerum est.', 'Maxime et quidem quia quaerat. Sapiente assumenda quod ea a repellendus veritatis fuga. Reiciendis ut velit eum earum. Doloribus alias laudantium corporis aut sed enim.', 'PUBLISHED', 'https://lorempixel.com/1200/400/?94371', '2017-11-28 19:13:08', '2017-11-28 19:13:08'),
(161, 2, 7, 'Veritatis veniam vitae libero unde.', 'veritatis-veniam-vitae-libero-unde', 'Quia dicta sint autem voluptas iure. Et vero ea eum voluptate at doloremque ipsum. Velit minus et autem quas est non sequi.', 'Quam fugiat omnis quis. Pariatur ipsa et et rerum commodi doloribus dolores. Consectetur voluptates ex vero. Aperiam dolorum quia quibusdam quae distinctio aliquam aliquid.', 'PUBLISHED', 'https://lorempixel.com/1200/400/?38563', '2017-11-28 19:13:08', '2017-11-28 19:13:08'),
(162, 9, 2, 'Ex et dolor magnam molestiae.', 'ex-et-dolor-magnam-molestiae', 'Sed magni aut non rerum doloremque voluptas perferendis. Vero mollitia neque vitae quis necessitatibus dolores. Dolorem doloremque quam consectetur est neque.', 'Doloremque error consequatur incidunt dolorum qui similique maxime. Necessitatibus est sed asperiores ipsam dignissimos laborum qui eum. Qui quos et qui dolores assumenda.', 'DRAFT', 'https://lorempixel.com/1200/400/?13169', '2017-11-28 19:13:08', '2017-11-28 19:13:08'),
(163, 8, 11, 'Vel similique aut ut.', 'vel-similique-aut-ut', 'Iure amet repellat iusto veritatis labore dolores autem et. Aut non atque culpa aut. Eos sunt natus et. Odio voluptas eum voluptas quod vero dolorem.', 'Impedit assumenda corporis voluptatum est libero culpa unde. Est error sint quas voluptates eveniet velit qui. Optio eum corporis ducimus quibusdam culpa officiis sit sint. Et expedita magni molestiae ipsum. Ut at minima ut facilis dignissimos.', 'DRAFT', 'https://lorempixel.com/1200/400/?70613', '2017-11-28 19:13:08', '2017-11-28 19:13:08'),
(164, 9, 19, 'Cumque in ipsum in.', 'cumque-in-ipsum-in', 'Quaerat vero aut voluptatem et voluptatem et. Ex cupiditate laboriosam sit natus ut natus. Qui vel facere ratione. Ut modi laboriosam quas.', 'Magni vel recusandae quod voluptatibus. Iste voluptatem delectus omnis repudiandae odio. Quas cupiditate quo recusandae aspernatur inventore labore ipsa fugiat.', 'DRAFT', 'https://lorempixel.com/1200/400/?42536', '2017-11-28 19:13:08', '2017-11-28 19:13:08'),
(165, 8, 15, 'Numquam in labore.', 'numquam-in-labore', 'Aliquam ut autem hic iusto similique. Nemo necessitatibus consequatur dolorum.', 'Velit temporibus in dolores officia laudantium distinctio recusandae. Et et assumenda rem et illum non. Aut facere eos doloremque. Totam et laborum necessitatibus. Distinctio quo quidem est doloribus et impedit molestiae.', 'DRAFT', 'https://lorempixel.com/1200/400/?74444', '2017-11-28 19:13:08', '2017-11-28 19:13:08'),
(166, 10, 18, 'Adipisci voluptatem nihil quia rerum.', 'adipisci-voluptatem-nihil-quia-rerum', 'Quam quibusdam ad atque. Qui vel magnam alias voluptas exercitationem eveniet.', 'Molestias eos neque quia porro. Aut expedita voluptas exercitationem est et alias. Voluptatibus voluptas amet doloribus. Et facere sint qui quaerat sequi molestiae facilis. Ducimus accusantium distinctio nemo ad maiores.', 'PUBLISHED', 'https://lorempixel.com/1200/400/?59117', '2017-11-28 19:13:08', '2017-11-28 19:13:08'),
(167, 2, 19, 'Veniam vitae autem ut.', 'veniam-vitae-autem-ut', 'Et aut est harum. Voluptatem quis quas recusandae consequatur repellat. Id accusamus placeat in iste et enim facere. Veritatis quis a aliquid id.', 'Quasi qui qui laboriosam dignissimos consectetur est. Et architecto maiores eius doloremque tempore. Porro et tempora placeat molestiae.', 'DRAFT', 'https://lorempixel.com/1200/400/?46570', '2017-11-28 19:13:08', '2017-11-28 19:13:08'),
(168, 10, 13, 'Ea aliquid assumenda accusantium.', 'ea-aliquid-assumenda-accusantium', 'Vel eos voluptas molestiae quae beatae et laborum. Suscipit aliquid sed consequatur ullam. Consectetur nam et ut mollitia velit.', 'Porro ab id totam. Assumenda perferendis ipsum hic et est. Incidunt ex est rerum officia possimus. Porro ipsa enim voluptatem.', 'PUBLISHED', 'https://lorempixel.com/1200/400/?26536', '2017-11-28 19:13:08', '2017-11-28 19:13:08'),
(169, 2, 13, 'Sed libero consectetur distinctio.', 'sed-libero-consectetur-distinctio', 'Enim deleniti voluptates tenetur odio. Qui possimus rerum rerum cumque.', 'Quas iure maiores illo vitae vel. Optio doloremque cum porro aut. Recusandae architecto perspiciatis eum voluptas. Ad cumque quo neque expedita.', 'PUBLISHED', 'https://lorempixel.com/1200/400/?43820', '2017-11-28 19:13:08', '2017-11-28 19:13:08'),
(170, 9, 8, 'Neque facilis autem eligendi et mollitia.', 'neque-facilis-autem-eligendi-et-mollitia', 'Molestiae molestiae sit aut. Tempore aliquid quod provident et officia reprehenderit ut minus. Esse illum quidem sit quis aut quis.', 'Eaque libero et doloribus deserunt ratione velit. Iste quam quidem minima doloremque fugit. Incidunt sunt possimus unde incidunt eos nihil autem. Enim velit pariatur nam voluptate nam eum recusandae.', 'PUBLISHED', 'https://lorempixel.com/1200/400/?65767', '2017-11-28 19:13:08', '2017-11-28 19:13:08'),
(171, 6, 15, 'Et omnis sunt aut.', 'et-omnis-sunt-aut', 'Illum quasi aut hic. Eius ex ad est reprehenderit. Sint dolores sed ducimus officiis consequatur eum. Eius mollitia sed eos omnis numquam voluptatibus veniam.', 'Aut ab numquam et modi. Perspiciatis suscipit accusantium ea reprehenderit. Quasi voluptates beatae veniam perspiciatis perspiciatis qui.', 'PUBLISHED', 'https://lorempixel.com/1200/400/?39213', '2017-11-28 19:13:08', '2017-11-28 19:13:08'),
(172, 2, 17, 'Aut et doloremque.', 'aut-et-doloremque', 'Quia autem quo maxime et debitis sit ea. Quae est nulla ab et totam est. Natus ut quia autem eveniet nemo. Eius earum dignissimos commodi officia.', 'Consequatur expedita ullam sapiente. Saepe iusto quae aperiam nihil et minima nisi. Sit debitis veniam veniam.', 'DRAFT', 'https://lorempixel.com/1200/400/?68050', '2017-11-28 19:13:08', '2017-11-28 19:13:08'),
(173, 10, 16, 'Magnam dolorem natus porro dolorum numquam.', 'magnam-dolorem-natus-porro-dolorum-numquam', 'Totam itaque enim delectus totam porro consequatur delectus repellendus. Voluptas doloribus veritatis provident porro. Sint pariatur temporibus pariatur. Molestiae iusto quam aspernatur incidunt non.', 'Earum consequatur laudantium dicta porro natus distinctio voluptates. Perferendis recusandae molestias veniam nostrum dolores ipsam voluptatum. Voluptas fuga et veniam aut nulla. Est quam beatae ipsum autem quibusdam.', 'PUBLISHED', 'https://lorempixel.com/1200/400/?62149', '2017-11-28 19:13:08', '2017-11-28 19:13:08'),
(174, 1, 6, 'Nisi vel voluptatem earum.', 'nisi-vel-voluptatem-earum', 'Occaecati illum quam quae non. Eaque eum nisi non rerum porro. Eum vel molestiae eligendi doloribus consequatur sit iusto.', 'Quo soluta architecto impedit sint. Numquam tempore omnis temporibus. Reprehenderit voluptatem tempora velit voluptatem rerum consequatur.', 'PUBLISHED', 'https://lorempixel.com/1200/400/?30262', '2017-11-28 19:13:08', '2017-11-28 19:13:08'),
(175, 10, 13, 'Porro autem aut voluptatem.', 'porro-autem-aut-voluptatem', 'Ipsam unde ipsam cupiditate ea cumque repellendus voluptatem sequi. Porro praesentium quos fugiat aliquam non. Nulla sunt libero ipsum voluptatem iusto. Aut sit quia qui voluptatem aut.', 'Laboriosam illo qui placeat harum sit. Velit est expedita atque quas quia. Blanditiis nostrum qui aspernatur exercitationem placeat et. Qui voluptates in asperiores a ipsa.', 'DRAFT', 'https://lorempixel.com/1200/400/?28425', '2017-11-28 19:13:08', '2017-11-28 19:13:08'),
(176, 1, 8, 'Quisquam et expedita officia sit aut.', 'quisquam-et-expedita-officia-sit-aut', 'Et sunt soluta ut. Libero aut perferendis pariatur omnis sit. Id rerum et atque in. Nulla possimus qui repudiandae.', 'Esse quis quis fugit est iure et. Consectetur laboriosam consequuntur eum consequatur qui. Possimus eligendi veritatis ut maxime. Dolores id aut aliquid illo explicabo praesentium expedita nostrum.', 'DRAFT', 'https://lorempixel.com/1200/400/?14675', '2017-11-28 19:13:08', '2017-11-28 19:13:08'),
(177, 10, 18, 'Qui ab quos sint ipsa.', 'qui-ab-quos-sint-ipsa', 'Voluptatem deserunt tempore debitis consequuntur totam. Enim autem qui facere tempore. Quia eos molestias vero nam. Nesciunt ut et natus distinctio magni.', 'Minima optio consequatur non nesciunt architecto dicta harum. Nulla cumque modi et quaerat doloremque autem molestiae. Suscipit debitis voluptatum voluptates qui modi et. Voluptatem earum et fuga molestias dolor est nihil.', 'PUBLISHED', 'https://lorempixel.com/1200/400/?40981', '2017-11-28 19:13:08', '2017-11-28 19:13:08'),
(178, 4, 8, 'Velit repudiandae totam qui.', 'velit-repudiandae-totam-qui', 'Accusantium et error quis quia. Quia incidunt doloribus et sint facere quidem nisi. Quam voluptatem eveniet et sequi.', 'Commodi velit non facere est dolorem sed. Nesciunt repudiandae officiis cupiditate et in. Ipsa dolor accusamus est sit. Ipsa est dignissimos et minima omnis natus ut.', 'DRAFT', 'https://lorempixel.com/1200/400/?10364', '2017-11-28 19:13:08', '2017-11-28 19:13:08'),
(179, 8, 9, 'Sit voluptatibus iure.', 'sit-voluptatibus-iure', 'Quasi facere aliquam blanditiis est qui autem nulla non. Ab provident quo consequatur. Dolor et perferendis atque amet.', 'Inventore in officiis amet mollitia enim odit. Ut non eligendi qui commodi quos officiis aut.', 'PUBLISHED', 'https://lorempixel.com/1200/400/?32818', '2017-11-28 19:13:08', '2017-11-28 19:13:08'),
(180, 6, 20, 'Veniam error omnis totam.', 'veniam-error-omnis-totam', 'Rem dolorem molestiae dolor tenetur. Quia corrupti qui earum quia illo. Veniam minima est et qui qui.', 'Maiores temporibus expedita aspernatur quod officiis sit rerum. Expedita assumenda quaerat non vel consequatur. Voluptatibus et ipsa cumque eius assumenda. Illum quae nam hic provident quia nesciunt provident.', 'DRAFT', 'https://lorempixel.com/1200/400/?44275', '2017-11-28 19:13:08', '2017-11-28 19:13:08'),
(181, 9, 16, 'Repellat alias tenetur atque soluta aut.', 'repellat-alias-tenetur-atque-soluta-aut', 'Accusamus aut dolorem velit ut. Cupiditate vel cumque dignissimos officiis enim repellendus omnis. Illo aut quis maiores aut eaque quaerat. Qui ipsum ut corporis eos.', 'Et nihil dignissimos autem laudantium possimus nulla. Autem eveniet nisi reiciendis eius sit molestiae. Modi omnis nostrum et natus nostrum.', 'DRAFT', 'https://lorempixel.com/1200/400/?41159', '2017-11-28 19:13:08', '2017-11-28 19:13:08'),
(182, 7, 8, 'Molestiae sed voluptates tempora.', 'molestiae-sed-voluptates-tempora', 'Odit labore dolore qui tempora fugit tempora voluptate quia. Distinctio voluptates odit molestias omnis ex rerum assumenda vitae.', 'Optio dolore ut est minima numquam deserunt voluptatem. Quis autem nostrum aut quis. Tempora ipsam vitae qui sequi qui asperiores repudiandae. Odio aut qui sed consequatur voluptates ducimus harum. Dolore ut qui blanditiis.', 'PUBLISHED', 'https://lorempixel.com/1200/400/?87154', '2017-11-28 19:13:08', '2017-11-28 19:13:08'),
(183, 1, 17, 'Aspernatur et quod non dolores enim.', 'aspernatur-et-quod-non-dolores-enim', 'Dolorum ipsa velit neque. Voluptas delectus cumque et fugiat ducimus ab adipisci. Facilis aut sit corporis est voluptatibus voluptatum hic. A illum assumenda et quis aut.', 'Eum dolor aut repellendus natus voluptas. Consectetur dolor at expedita dolorem repellendus rem. Quo qui voluptatem nisi.', 'DRAFT', 'https://lorempixel.com/1200/400/?25354', '2017-11-28 19:13:08', '2017-11-28 19:13:08'),
(184, 3, 7, 'Quae maxime dolor numquam et.', 'quae-maxime-dolor-numquam-et', 'Voluptatibus sit provident vel exercitationem aperiam natus. Incidunt a distinctio aliquid. Iusto labore magni doloremque cupiditate aspernatur. Ducimus nulla aut repudiandae et.', 'Ea sint rem deserunt ab. Officia asperiores ad amet dolorum. Ducimus quae quae quaerat pariatur placeat delectus sit. Distinctio blanditiis beatae dolorum exercitationem eveniet porro commodi. Nihil rem consequatur modi a soluta.', 'DRAFT', 'https://lorempixel.com/1200/400/?53364', '2017-11-28 19:13:08', '2017-11-28 19:13:08'),
(185, 6, 3, 'Praesentium expedita id in voluptatem non.', 'praesentium-expedita-id-in-voluptatem-non', 'Ut voluptatum corporis quia illum dolore eos qui doloribus. Sapiente accusantium tempore aliquam magni labore et. Alias tempora earum non perferendis.', 'Doloremque rem ducimus quo. Perspiciatis recusandae omnis magni velit asperiores et enim. Perspiciatis qui aut corrupti nemo blanditiis aut. Distinctio aut quos et voluptate sint sit expedita.', 'PUBLISHED', 'https://lorempixel.com/1200/400/?72293', '2017-11-28 19:13:08', '2017-11-28 19:13:08'),
(186, 6, 2, 'Ut cum quos animi.', 'ut-cum-quos-animi', 'Autem corrupti cumque nesciunt a. Aut aut laudantium sit quia et assumenda velit ut. Consequuntur in maiores voluptatum enim adipisci minus.', 'Nesciunt esse aut velit praesentium ut. Et nesciunt ad incidunt eos. Id quos esse voluptatibus accusamus cupiditate consequuntur commodi. Mollitia veritatis eius fugit non.', 'PUBLISHED', 'https://lorempixel.com/1200/400/?11506', '2017-11-28 19:13:08', '2017-11-28 19:13:08'),
(187, 4, 13, 'Ipsum ea doloribus qui voluptas maxime.', 'ipsum-ea-doloribus-qui-voluptas-maxime', 'Facere consectetur laborum est ipsum. Et dolorem ex quia dolorum dolores. Sit omnis ullam sunt alias et eligendi. Debitis rerum rem qui a.', 'Reiciendis molestias sed similique molestiae ut. Dolor iusto odit natus beatae et cumque perferendis. Blanditiis et tempora nulla dolor sed maiores. Omnis magni libero voluptatem.', 'PUBLISHED', 'https://lorempixel.com/1200/400/?93451', '2017-11-28 19:13:08', '2017-11-28 19:13:08'),
(188, 1, 6, 'Praesentium repellat eveniet voluptatum.', 'praesentium-repellat-eveniet-voluptatum', 'Ut et excepturi corporis iusto id. Maiores earum tenetur aut pariatur ad. Enim aut et vitae omnis.', 'Voluptatem sunt accusamus quo voluptas odio saepe nobis mollitia. Soluta sit voluptas aut at. Et error et eos.', 'DRAFT', 'https://lorempixel.com/1200/400/?86985', '2017-11-28 19:13:08', '2017-11-28 19:13:08'),
(189, 7, 15, 'Consequuntur et velit explicabo.', 'consequuntur-et-velit-explicabo', 'Nesciunt repellat sed dolores laboriosam ex fugiat fugit. Itaque mollitia exercitationem minima nemo. Dolore sunt consequatur possimus id est quia.', 'Tempore nihil voluptatem voluptas quaerat quia vero. Natus vitae sint nemo ad soluta. Fugit alias assumenda voluptatem odio ducimus ratione.', 'DRAFT', 'https://lorempixel.com/1200/400/?21106', '2017-11-28 19:13:08', '2017-11-28 19:13:08'),
(190, 9, 5, 'Non aut accusamus eum quam.', 'non-aut-accusamus-eum-quam', 'Dolorem minus quae et provident ipsum. Qui qui deserunt commodi aut minima quasi. Reprehenderit occaecati sed ipsum rem.', 'Nisi alias dolor soluta asperiores atque animi et. Architecto quia nisi accusamus at. A error provident omnis ut voluptas animi explicabo. Deleniti iure ducimus illo sit dicta reprehenderit.', 'DRAFT', 'https://lorempixel.com/1200/400/?19638', '2017-11-28 19:13:08', '2017-11-28 19:13:08'),
(191, 5, 10, 'Ipsam ut voluptatem modi.', 'ipsam-ut-voluptatem-modi', 'Vel occaecati autem animi et. Optio impedit cupiditate molestiae veritatis aperiam quo id. Error placeat harum similique occaecati modi.', 'Animi saepe reprehenderit vitae exercitationem veniam dolor id. Quia dolores impedit sunt autem. Sed cupiditate aut expedita dolores. Voluptas mollitia porro nisi harum. Mollitia dolor iste similique ipsam eligendi.', 'DRAFT', 'https://lorempixel.com/1200/400/?21970', '2017-11-28 19:13:08', '2017-11-28 19:13:08'),
(192, 6, 11, 'Est corrupti non consequatur occaecati.', 'est-corrupti-non-consequatur-occaecati', 'Possimus et perferendis voluptates labore voluptates autem. Veritatis repudiandae sit sed et ipsam sequi sequi. Saepe et repellendus omnis provident aperiam ut rerum blanditiis.', 'Qui ut aut eum iste accusantium. Perspiciatis sint minus possimus unde veritatis. Tempore possimus delectus modi perferendis totam qui.', 'PUBLISHED', 'https://lorempixel.com/1200/400/?86469', '2017-11-28 19:13:08', '2017-11-28 19:13:08'),
(193, 1, 7, 'Qui adipisci dolores pariatur odit alias.', 'qui-adipisci-dolores-pariatur-odit-alias', 'Aut ducimus dolores earum voluptates sed qui ad. Hic repudiandae in expedita dicta. Animi voluptas architecto ut ipsum. Consequatur totam beatae velit voluptatem dolor molestiae sed.', 'Sit dolores in nisi et. Officiis similique ratione ipsa incidunt sit. Earum recusandae unde ut quod sunt ipsam. Dicta voluptatibus magni ut et omnis corporis laborum cumque. Quam et accusamus qui sed qui. Sequi maiores est debitis molestiae.', 'DRAFT', 'https://lorempixel.com/1200/400/?14818', '2017-11-28 19:13:08', '2017-11-28 19:13:08'),
(194, 4, 11, 'Magni velit sit minus.', 'magni-velit-sit-minus', 'Sint amet sit blanditiis temporibus deserunt. Laboriosam culpa ipsum et. Quo et quos repudiandae ut consequatur. Veritatis a debitis eius veritatis impedit impedit.', 'Autem et voluptas quis omnis modi soluta. In voluptates maxime qui illum. Voluptas sunt dolorem neque impedit eum explicabo. Cumque omnis corporis sapiente nesciunt explicabo error. Eos mollitia fugiat quibusdam nihil nam autem.', 'PUBLISHED', 'https://lorempixel.com/1200/400/?55648', '2017-11-28 19:13:08', '2017-11-28 19:13:08'),
(195, 3, 5, 'Quia possimus incidunt ut.', 'quia-possimus-incidunt-ut', 'Totam quis nostrum praesentium autem fugit sit. Commodi ut dolorem facilis aliquam repellat suscipit quia consequuntur.', 'Et totam animi voluptatem. Sed numquam officiis earum reiciendis voluptatem. Error est recusandae qui fugiat et et distinctio. Nihil aut ut officiis molestiae id. Voluptas et dolores quasi et. Aut sed porro quaerat veritatis quos deserunt.', 'PUBLISHED', 'https://lorempixel.com/1200/400/?78936', '2017-11-28 19:13:08', '2017-11-28 19:13:08'),
(196, 7, 17, 'Tenetur eius qui nesciunt dolor.', 'tenetur-eius-qui-nesciunt-dolor', 'Aut asperiores libero similique cumque. Vitae quia totam corrupti veniam et quasi aliquam sunt. At quia in omnis. Quisquam tempore et natus architecto facere labore.', 'Reprehenderit modi veritatis sunt velit. Necessitatibus doloremque neque modi accusamus in ut ab omnis. Explicabo impedit totam architecto saepe officia ea iste.', 'DRAFT', 'https://lorempixel.com/1200/400/?73307', '2017-11-28 19:13:08', '2017-11-28 19:13:08'),
(197, 4, 14, 'Perferendis magnam commodi et aut.', 'perferendis-magnam-commodi-et-aut', 'Voluptatem reiciendis est est porro. Officia distinctio rerum aut consequatur necessitatibus porro. Voluptas enim dolorum est minus unde itaque delectus.', 'Quos hic dolor sit provident qui. Enim tempora facilis omnis quam ab nihil. Omnis non quo veritatis et natus natus. Numquam voluptatem quam ipsa. Est cupiditate et qui quia quo ex. Inventore odio hic et in.', 'PUBLISHED', 'https://lorempixel.com/1200/400/?61395', '2017-11-28 19:13:08', '2017-11-28 19:13:08'),
(198, 7, 16, 'Consequatur nam temporibus.', 'consequatur-nam-temporibus', 'Aperiam molestiae beatae aspernatur voluptate commodi. Aut quas porro sed eius. Quos eos ad ut harum dolorem et. Fuga porro ut fugiat aliquam ut sed tempore minus.', 'Ut aut velit assumenda sed aut explicabo in voluptatem. Quia adipisci maxime eveniet voluptatem ut id totam. Error consequatur corrupti laudantium ut repellat nihil. Aut tempore sit delectus nostrum quibusdam et.', 'PUBLISHED', 'https://lorempixel.com/1200/400/?22298', '2017-11-28 19:13:08', '2017-11-28 19:13:08'),
(199, 3, 13, 'Quia veniam fugiat expedita maxime.', 'quia-veniam-fugiat-expedita-maxime', 'Sunt et impedit sint architecto. Repellendus ratione et error asperiores illo. Architecto doloremque dolores in neque in.', 'Est non aut natus nobis ut in. Dolores sed asperiores voluptatem quia suscipit assumenda qui. Quo rerum enim omnis qui ipsa earum aut.', 'DRAFT', 'https://lorempixel.com/1200/400/?67745', '2017-11-28 19:13:08', '2017-11-28 19:13:08'),
(200, 10, 20, 'Earum fugit est accusamus sint.', 'earum-fugit-est-accusamus-sint', 'Neque qui aut eaque dolores sequi. Neque est rerum est aliquid autem harum. Ut sit eos ea molestiae corporis cum.', 'Nihil sunt hic assumenda dolores explicabo sed consequatur iure. Dolorum laborum facere laudantium voluptatum. Natus quis nemo et earum vero.', 'DRAFT', 'https://lorempixel.com/1200/400/?22166', '2017-11-28 19:13:09', '2017-11-28 19:13:09');
INSERT INTO `posts` (`id`, `user_id`, `category_id`, `name`, `slug`, `excerpt`, `body`, `status`, `file`, `created_at`, `updated_at`) VALUES
(201, 4, 11, 'Porro ut aut.', 'porro-ut-aut', 'Dolorem numquam temporibus suscipit at itaque culpa. Sit velit rerum laborum et. Ab fugit eaque corrupti tenetur ut.', 'Est consequatur praesentium sit asperiores quia iste. Rerum harum saepe veritatis iure. Aut est distinctio ipsam ea numquam.', 'DRAFT', 'https://lorempixel.com/1200/400/?84225', '2017-11-28 19:13:09', '2017-11-28 19:13:09'),
(202, 7, 14, 'Voluptate iste voluptatem.', 'voluptate-iste-voluptatem', 'Ut maiores incidunt nemo autem omnis. Eos dolores est labore. Deserunt vel ipsam velit temporibus adipisci et architecto.', 'Est vitae nesciunt error dolor ipsam consequatur quis. Numquam beatae pariatur consectetur qui culpa eum. Eos tenetur rerum dolorem ea est.', 'DRAFT', 'https://lorempixel.com/1200/400/?98864', '2017-11-28 19:13:09', '2017-11-28 19:13:09'),
(203, 5, 7, 'Qui ut dolore harum quas.', 'qui-ut-dolore-harum-quas', 'Ullam consequatur libero placeat. Laborum alias numquam a tenetur. Velit voluptatem mollitia consequuntur eum laborum expedita. Incidunt quisquam quos qui quis veritatis. Cumque at est voluptate ut.', 'Corporis sapiente neque omnis eveniet numquam fuga dolorum nostrum. Impedit voluptas minus vero inventore beatae. Blanditiis eveniet omnis doloremque in officia et. Recusandae laboriosam inventore et omnis veritatis harum.', 'PUBLISHED', 'https://lorempixel.com/1200/400/?67910', '2017-11-28 19:13:09', '2017-11-28 19:13:09'),
(204, 4, 13, 'Sit laudantium ad facere.', 'sit-laudantium-ad-facere', 'Aut accusantium aperiam deleniti ut quam qui quo. Inventore suscipit molestias optio ullam saepe at. Illum at rerum reprehenderit a at eveniet.', 'Tenetur similique vel in. Possimus dicta autem et debitis corrupti ex. Quaerat pariatur officiis placeat et et quas id. Qui omnis cupiditate impedit quo.', 'PUBLISHED', 'https://lorempixel.com/1200/400/?96410', '2017-11-28 19:13:09', '2017-11-28 19:13:09'),
(205, 9, 12, 'Quod fugiat illo omnis ut.', 'quod-fugiat-illo-omnis-ut', 'Maxime itaque hic rerum quia iste eius. Exercitationem incidunt possimus dolor.', 'Sapiente vel porro quia. Ea asperiores aliquam illo consequatur minima ex. Iure eum cumque sit sint ut beatae qui.', 'PUBLISHED', 'https://lorempixel.com/1200/400/?66767', '2017-11-28 19:13:09', '2017-11-28 19:13:09'),
(206, 1, 1, 'Esse laborum iste iure consequuntur.', 'esse-laborum-iste-iure-consequuntur', 'Fuga quam cupiditate nemo animi. Ut voluptatem animi iste et maxime. Quia ab consequuntur et. Sapiente qui eligendi perferendis odit distinctio. Quis omnis omnis omnis ea provident.', 'Quam voluptatum vel labore sequi deleniti. Dolorem blanditiis unde ad aspernatur ut quae aut veniam. Ut fugit adipisci quo magni. Qui ullam ipsum aperiam perspiciatis ad.', 'PUBLISHED', 'https://lorempixel.com/1200/400/?47598', '2017-11-28 19:13:09', '2017-11-28 19:13:09'),
(207, 5, 4, 'Sit omnis consequatur libero eaque.', 'sit-omnis-consequatur-libero-eaque', 'Quas quia ut eaque voluptas fugit animi ut. Nobis vitae sit qui cupiditate possimus. Quia perspiciatis vel possimus ex.', 'Aperiam repellendus facere quibusdam. Reiciendis ut ea qui qui. Fugit quam quia officia facere. Ipsum eius voluptas et iusto excepturi magni dolor. Impedit cupiditate et omnis porro. Id similique ut eum optio quos vel ut.', 'DRAFT', 'https://lorempixel.com/1200/400/?91572', '2017-11-28 19:13:09', '2017-11-28 19:13:09'),
(208, 5, 12, 'Rerum ullam qui qui consectetur.', 'rerum-ullam-qui-qui-consectetur', 'Vel laborum praesentium eaque rerum quia laborum atque. Accusantium sunt eius quos earum sed animi. Et non cumque blanditiis illum tenetur adipisci omnis.', 'Voluptatibus minima libero quis architecto eos. Aut quam dolores molestias nihil totam ut officia. Fugit quos necessitatibus laudantium amet non ab repellat. Ipsam iste aut qui ea suscipit temporibus. Eum quisquam adipisci harum.', 'PUBLISHED', 'https://lorempixel.com/1200/400/?46511', '2017-11-28 19:13:09', '2017-11-28 19:13:09'),
(209, 6, 13, 'Vel non omnis sint.', 'vel-non-omnis-sint', 'Ipsum mollitia dolor et quia dolores. Delectus recusandae consectetur eius. Quis atque nam officia perspiciatis. Eius recusandae vel iusto ipsa.', 'Voluptates adipisci iure sed atque. Sit officia tenetur ut praesentium cupiditate velit. Omnis eius qui molestiae quasi. Aliquam eius saepe doloribus quia. Quia voluptatum vitae sit ut rerum doloremque voluptates.', 'DRAFT', 'https://lorempixel.com/1200/400/?51954', '2017-11-28 19:13:09', '2017-11-28 19:13:09'),
(210, 7, 11, 'Omnis cum dolorem.', 'omnis-cum-dolorem', 'Non at consequatur dolorem iure. Velit voluptatem dolorum error adipisci a atque. Quisquam inventore iusto et suscipit dolorum temporibus non qui.', 'Vel doloremque sapiente aspernatur. Nemo est est rerum quae quia. Veniam perferendis sit sint maxime autem ut. Ut inventore modi quis debitis dolores.', 'DRAFT', 'https://lorempixel.com/1200/400/?97887', '2017-11-28 19:13:09', '2017-11-28 19:13:09'),
(211, 1, 19, 'Nostrum aperiam rerum animi omnis.', 'nostrum-aperiam-rerum-animi-omnis', 'Labore ut voluptatem rerum pariatur. Laboriosam facilis quia corporis suscipit quae qui perferendis. Molestiae veritatis eos voluptatem nulla sit eius.', 'Ea ea delectus dolores odio. Ullam ad vitae voluptas nisi velit. Velit voluptatem nesciunt nobis tempora distinctio officia et sunt. Accusamus iure iure natus qui architecto.', 'DRAFT', 'https://lorempixel.com/1200/400/?93330', '2017-11-28 19:13:09', '2017-11-28 19:13:09'),
(212, 2, 13, 'Ut aut facere non et.', 'ut-aut-facere-non-et', 'Quos totam velit sint accusantium et quia aut. Mollitia reiciendis id beatae sed vero. Nesciunt totam nostrum rerum. Incidunt perspiciatis eveniet adipisci occaecati quia ut doloribus perspiciatis.', 'Molestiae aspernatur aut veritatis saepe quia minima quisquam. Laborum debitis quia minus facere sit deserunt corporis. Odit temporibus mollitia nobis voluptatem nihil quibusdam in atque. Consequatur ipsum in rerum quo maxime aliquid quam.', 'DRAFT', 'https://lorempixel.com/1200/400/?36839', '2017-11-28 19:13:09', '2017-11-28 19:13:09'),
(213, 3, 10, 'Eum delectus quaerat et omnis cumque.', 'eum-delectus-quaerat-et-omnis-cumque', 'Numquam soluta optio est iusto optio molestias. Dolorum non eum quas amet et libero harum. Error voluptates dolorum officiis sapiente. Dolorum nesciunt magnam fuga harum nisi sed repudiandae est.', 'Est error cum praesentium soluta quae aperiam officiis. Quaerat voluptatem aut officia nihil qui numquam et. Tenetur iure adipisci autem quia. Corporis dolores iste tenetur.', 'DRAFT', 'https://lorempixel.com/1200/400/?76046', '2017-11-28 19:13:09', '2017-11-28 19:13:09'),
(214, 1, 1, 'Neque rerum eius adipisci nostrum necessitatibus.', 'neque-rerum-eius-adipisci-nostrum-necessitatibus', 'Suscipit iusto saepe facere tempore necessitatibus quia ut. Numquam aut numquam qui. Eos illum quae neque soluta qui. Ut ut modi sed. Eligendi et amet suscipit magnam minus minus quo.', 'Odit fugit est aut sunt aut deleniti natus. In molestias veniam ea quo. Tempora tempore ipsam necessitatibus sint. Minima esse unde quia qui error rerum.', 'PUBLISHED', 'https://lorempixel.com/1200/400/?49006', '2017-11-28 19:13:09', '2017-11-28 19:13:09'),
(215, 10, 6, 'Molestias occaecati maiores ea.', 'molestias-occaecati-maiores-ea', 'A delectus necessitatibus recusandae vitae sunt ea iusto. Voluptas laboriosam pariatur aut. Sunt distinctio molestiae labore quis quia recusandae odit deleniti.', 'Reprehenderit debitis sapiente nobis. Dolores voluptas quidem a iste eum qui consequatur. Dolorum commodi dolorem quaerat possimus. Consequuntur expedita veniam sit officia.', 'PUBLISHED', 'https://lorempixel.com/1200/400/?19209', '2017-11-28 19:13:09', '2017-11-28 19:13:09'),
(216, 1, 9, 'Doloremque porro est perferendis quo quod.', 'doloremque-porro-est-perferendis-quo-quod', 'Nisi ut accusamus dolore itaque et quam ut. Quasi temporibus in et natus. Non dolorum enim quia. Omnis esse eligendi omnis corporis molestiae.', 'Alias eveniet et ut laudantium et. Placeat qui architecto magnam occaecati eos. Temporibus nulla expedita animi tempora ullam.', 'DRAFT', 'https://lorempixel.com/1200/400/?11692', '2017-11-28 19:13:09', '2017-11-28 19:13:09'),
(217, 6, 16, 'Corporis aut accusamus quibusdam.', 'corporis-aut-accusamus-quibusdam', 'Animi voluptas et sequi voluptatibus ad dolor excepturi. Quia repellat laborum commodi. Saepe tenetur porro voluptas omnis aut sed earum. Quisquam tempore qui cum ea. Ut iusto maiores ut omnis.', 'Nihil sint et deleniti et autem. Tempora neque rerum qui unde molestiae dicta. Laudantium in et id aspernatur provident et. Sed atque recusandae dolorem dolorum.', 'DRAFT', 'https://lorempixel.com/1200/400/?47907', '2017-11-28 19:13:09', '2017-11-28 19:13:09'),
(218, 2, 3, 'At minima doloremque.', 'at-minima-doloremque', 'Delectus aut asperiores consequatur beatae reiciendis est. Qui veritatis aut minus reprehenderit dolorem. Iusto dolorem totam quasi velit vel ad qui. Explicabo ut sequi facere architecto iure.', 'Accusamus iure libero sed at. Quod ducimus nesciunt expedita rerum omnis maiores sunt. Sint sint ipsam dolorum facere maxime perspiciatis modi.', 'PUBLISHED', 'https://lorempixel.com/1200/400/?16138', '2017-11-28 19:13:09', '2017-11-28 19:13:09'),
(219, 10, 20, 'Ut dolores est.', 'ut-dolores-est', 'Harum voluptatem ut porro saepe. Qui quisquam nihil libero reiciendis et quis repellendus. Vel sunt repellendus adipisci eum quia alias. Consequatur esse incidunt quisquam. Et dolores aut et rerum.', 'Enim quasi porro voluptatem facere. Explicabo voluptas est facere. Voluptatem sunt quia sunt qui ipsam. Quia voluptatem autem earum cum autem id.', 'PUBLISHED', 'https://lorempixel.com/1200/400/?75931', '2017-11-28 19:13:09', '2017-11-28 19:13:09'),
(220, 1, 17, 'Fugiat voluptas pariatur dolor.', 'fugiat-voluptas-pariatur-dolor', 'Quia omnis aut harum optio id quaerat sequi fugiat. Ipsam in quod ea qui. Ut ratione possimus voluptatum iste totam. Animi qui et id ducimus.', 'Ullam rerum molestiae ipsam et et. Eligendi rem doloremque placeat illo ut. Ut voluptas sit ut harum quibusdam quam. Totam recusandae ut ut.', 'PUBLISHED', 'https://lorempixel.com/1200/400/?16774', '2017-11-28 19:13:09', '2017-11-28 19:13:09'),
(221, 4, 7, 'Veniam est ut a sed.', 'veniam-est-ut-a-sed', 'Dignissimos inventore ad laboriosam tenetur dolore rerum. Commodi perspiciatis a esse quos. Quidem mollitia ullam asperiores ipsam fuga nulla.', 'Totam quibusdam culpa veritatis velit iste corrupti. Maiores nulla qui et aut aliquam tempore suscipit. Totam repellat quis delectus. Inventore rerum tempora aut ratione est. Provident laborum quaerat autem unde.', 'PUBLISHED', 'https://lorempixel.com/1200/400/?13176', '2017-11-28 19:13:09', '2017-11-28 19:13:09'),
(222, 7, 15, 'Fugit sequi explicabo et cupiditate impedit.', 'fugit-sequi-explicabo-et-cupiditate-impedit', 'Aliquam impedit sed aspernatur praesentium minima iusto assumenda. Hic dolorum sunt enim deserunt at voluptas. Vel aut inventore quam tempore nulla est. A esse est sint qui in esse.', 'Perferendis corporis quia et et. Placeat quidem omnis commodi ut mollitia vero. Ut consequatur non aut laborum. Repellendus magni id itaque ipsa itaque. Molestiae nesciunt vel rerum non.', 'PUBLISHED', 'https://lorempixel.com/1200/400/?50473', '2017-11-28 19:13:09', '2017-11-28 19:13:09'),
(223, 8, 16, 'Quia eaque sed perspiciatis beatae.', 'quia-eaque-sed-perspiciatis-beatae', 'Incidunt et ex ut ex qui. Cupiditate minima aliquid laudantium. Incidunt velit mollitia excepturi.', 'Doloribus unde enim libero quia fugiat ea. Temporibus molestiae rerum et accusantium sequi ea. Saepe maxime eveniet magni sit. Aut aut minus eaque. Voluptatem quia nobis voluptas deleniti minima ducimus. Asperiores magni sit et et.', 'DRAFT', 'https://lorempixel.com/1200/400/?46063', '2017-11-28 19:13:09', '2017-11-28 19:13:09'),
(224, 8, 11, 'Aut veritatis sunt.', 'aut-veritatis-sunt', 'Qui saepe ut est consequuntur sint ea. Ut voluptate in consequatur in omnis facilis. Vitae ullam aut eos quia. Ratione qui in et voluptas ut suscipit. Id qui deleniti aut sed quas qui.', 'Adipisci dolorem animi velit possimus ullam illo quaerat. Delectus reiciendis commodi nulla qui laboriosam sint incidunt. Consequatur dolores dolorum doloremque non facere voluptate. Ut tempora libero recusandae quasi magnam sint.', 'DRAFT', 'https://lorempixel.com/1200/400/?90642', '2017-11-28 19:13:09', '2017-11-28 19:13:09'),
(225, 5, 17, 'Itaque quos eaque ad.', 'itaque-quos-eaque-ad', 'Et ipsum ut consequatur. Ducimus sed atque quam unde dignissimos veritatis quis. Nihil velit labore ab.', 'Quos eum rerum quasi iure sapiente nostrum. Rerum dolor non expedita quasi ipsam nostrum. Dignissimos illo sint quae commodi eum fugiat vel. Molestias perspiciatis perspiciatis aperiam recusandae.', 'DRAFT', 'https://lorempixel.com/1200/400/?67092', '2017-11-28 19:13:09', '2017-11-28 19:13:09'),
(226, 4, 10, 'Sit rerum harum commodi.', 'sit-rerum-harum-commodi', 'Et laboriosam suscipit ut voluptates quisquam autem. Ad similique alias odio voluptates sit et voluptas. Ut in mollitia nam deleniti.', 'Rerum est facere nihil omnis culpa. Eum maiores sapiente itaque enim quisquam. Quasi et officiis voluptas incidunt sapiente et voluptatem. Et fugiat aut dignissimos qui omnis maiores sunt.', 'DRAFT', 'https://lorempixel.com/1200/400/?58157', '2017-11-28 19:13:09', '2017-11-28 19:13:09'),
(227, 2, 10, 'Sed aut magnam blanditiis est.', 'sed-aut-magnam-blanditiis-est', 'Dolores sit consequatur earum nam quidem nihil. Id quis sit assumenda magnam. Amet corporis qui ex assumenda explicabo veritatis occaecati.', 'Consectetur inventore occaecati suscipit consequuntur. Sed eaque illum voluptas sit et eum. Autem architecto enim error sint.', 'PUBLISHED', 'https://lorempixel.com/1200/400/?45536', '2017-11-28 19:13:09', '2017-11-28 19:13:09'),
(228, 10, 6, 'Eius numquam voluptate et.', 'eius-numquam-voluptate-et', 'Fugiat consequatur molestiae maiores est. Et enim occaecati officia laudantium vitae vel. Deleniti officiis voluptates sit dolores ullam et tenetur. Eaque minima voluptas et voluptas.', 'Necessitatibus officia sint est nobis et qui est adipisci. Totam animi dolor voluptas nihil non dolor ea. Ut modi dignissimos est ex vel explicabo.', 'PUBLISHED', 'https://lorempixel.com/1200/400/?62559', '2017-11-28 19:13:09', '2017-11-28 19:13:09'),
(229, 5, 3, 'Officiis molestiae saepe voluptatem dicta.', 'officiis-molestiae-saepe-voluptatem-dicta', 'Nihil consequatur excepturi ipsam vel. Vero consequuntur ut beatae dolor sint. Enim exercitationem neque in sit minima.', 'Itaque doloremque pariatur velit nemo laboriosam. Illo explicabo non consequatur quia sit quia. Vero et nemo eius maxime blanditiis veritatis aut. Optio ratione autem a molestiae.', 'DRAFT', 'https://lorempixel.com/1200/400/?61035', '2017-11-28 19:13:09', '2017-11-28 19:13:09'),
(230, 9, 3, 'Autem itaque dolorem voluptas voluptas iusto.', 'autem-itaque-dolorem-voluptas-voluptas-iusto', 'Et et cumque quod quaerat. Qui eum sunt neque error dolorum. Enim minima accusantium error quae dolor eos reiciendis.', 'Ut beatae distinctio eos animi aliquid. Aspernatur corporis aliquid illo totam neque facilis. Voluptas culpa impedit quo ut. Distinctio et saepe odio voluptates animi pariatur enim. Est consequatur quia alias optio quae dolorem quia.', 'PUBLISHED', 'https://lorempixel.com/1200/400/?46700', '2017-11-28 19:13:09', '2017-11-28 19:13:09'),
(231, 10, 16, 'Illo quo natus sit.', 'illo-quo-natus-sit', 'Illum dolor maxime ullam quo corporis. A et neque est corrupti beatae. Alias tempora et dolorem cum natus voluptatibus accusamus.', 'Expedita reprehenderit porro a ut et vero. Voluptatum itaque omnis eos omnis. Temporibus adipisci dolores saepe doloribus qui molestiae.', 'DRAFT', 'https://lorempixel.com/1200/400/?39315', '2017-11-28 19:13:09', '2017-11-28 19:13:09'),
(232, 6, 16, 'Repellat dolorem praesentium dolores nam.', 'repellat-dolorem-praesentium-dolores-nam', 'Dolor voluptatibus sunt commodi dolor omnis. Ullam eaque quo quisquam inventore. In eius iste molestiae nemo nihil tempora. Alias ullam est impedit itaque minus similique sit.', 'Eius dolor porro earum consequatur quibusdam similique et. Assumenda quo quia consequuntur ducimus sed magnam. Illo fuga libero ipsum vel.', 'DRAFT', 'https://lorempixel.com/1200/400/?61513', '2017-11-28 19:13:09', '2017-11-28 19:13:09'),
(233, 2, 18, 'Impedit omnis hic hic qui aut.', 'impedit-omnis-hic-hic-qui-aut', 'Maiores tempore sit quas qui molestiae molestiae ipsam. Voluptas harum consequatur et aut natus voluptate in. Reprehenderit ipsa modi sapiente modi nobis ut ut.', 'Est unde ut at odit et nobis eum. Repellendus voluptas id quam est. Voluptatum aspernatur ad quis maiores modi rerum. Nostrum illum et vel.', 'PUBLISHED', 'https://lorempixel.com/1200/400/?88398', '2017-11-28 19:13:09', '2017-11-28 19:13:09'),
(234, 1, 10, 'Ducimus dolores sed culpa.', 'ducimus-dolores-sed-culpa', 'Impedit tenetur placeat consequatur ea velit maiores voluptas. Qui aut et et ullam debitis quo. Voluptas omnis sit fuga sit qui porro.', 'Mollitia porro ratione quo dolorum aliquam consequuntur. Exercitationem aut excepturi et et fugiat necessitatibus. Tempora velit corrupti soluta dignissimos occaecati. Sint exercitationem ab reiciendis.', 'PUBLISHED', 'https://lorempixel.com/1200/400/?79858', '2017-11-28 19:13:09', '2017-11-28 19:13:09'),
(235, 8, 9, 'Non quae explicabo.', 'non-quae-explicabo', 'Atque vel recusandae voluptatem sapiente esse voluptatum. At reiciendis natus minus quis. Labore eum perspiciatis deserunt.', 'Sed dolor suscipit dolor voluptatibus qui odit possimus qui. Maxime praesentium officia autem sapiente. Sed sed eveniet maxime sed nesciunt explicabo in. Quia laborum quisquam voluptate ab.', 'PUBLISHED', 'https://lorempixel.com/1200/400/?18508', '2017-11-28 19:13:09', '2017-11-28 19:13:09'),
(236, 1, 18, 'Voluptatem reprehenderit officia est eos.', 'voluptatem-reprehenderit-officia-est-eos', 'Perferendis nemo minus molestias. Qui voluptatem facilis aut et dolores. Dicta nemo dolorum praesentium ut sint.', 'Assumenda expedita ratione totam distinctio non ducimus. Aperiam rerum accusamus accusamus velit provident. Ullam dicta eius quam ea. Esse ea tempora fugiat id velit laborum.', 'DRAFT', 'https://lorempixel.com/1200/400/?31228', '2017-11-28 19:13:09', '2017-11-28 19:13:09'),
(237, 4, 19, 'Ut architecto rerum fugiat consequatur.', 'ut-architecto-rerum-fugiat-consequatur', 'Aperiam ipsa autem et et magni. Corporis esse veritatis aliquid consectetur est. Eaque voluptas itaque laboriosam totam sed laborum voluptatem.', 'Et eum delectus provident et quia cupiditate inventore. Sit consequatur a molestias ad ut ipsum. Vitae aut ducimus et et totam maiores aut labore. Neque aliquam repellendus ea sapiente.', 'PUBLISHED', 'https://lorempixel.com/1200/400/?93879', '2017-11-28 19:13:09', '2017-11-28 19:13:09'),
(238, 7, 6, 'Numquam et reiciendis porro.', 'numquam-et-reiciendis-porro', 'Consequatur dolorum exercitationem veritatis. Ratione sit quia officia. Aut aperiam dolores ducimus iusto optio nisi et. Et et praesentium eaque.', 'Architecto sint rem velit accusantium omnis. Vitae magni est fugiat dicta nostrum ullam suscipit recusandae.', 'DRAFT', 'https://lorempixel.com/1200/400/?43694', '2017-11-28 19:13:09', '2017-11-28 19:13:09'),
(239, 5, 5, 'Eum quo ut cum deleniti quibusdam.', 'eum-quo-ut-cum-deleniti-quibusdam', 'Velit id qui sit voluptatem saepe porro rem. Sint distinctio quae eveniet molestiae. Voluptate qui harum in asperiores autem error.', 'Aut beatae error sunt iusto aut dolor. Quibusdam voluptatem quam minus accusamus est numquam. Autem necessitatibus sed at quis alias.', 'PUBLISHED', 'https://lorempixel.com/1200/400/?50513', '2017-11-28 19:13:09', '2017-11-28 19:13:09'),
(240, 4, 7, 'Hic soluta repudiandae.', 'hic-soluta-repudiandae', 'Dolore doloribus dolorem rerum blanditiis nulla. Amet iure occaecati nam amet. Aliquid nesciunt quo aut temporibus.', 'Eos maiores distinctio consequuntur aspernatur sed delectus deserunt. Veritatis consequuntur veritatis recusandae architecto qui hic. Non atque autem et porro aut non consequatur. Natus earum ipsum reprehenderit repellat inventore.', 'PUBLISHED', 'https://lorempixel.com/1200/400/?67312', '2017-11-28 19:13:09', '2017-11-28 19:13:09'),
(241, 7, 19, 'Cumque omnis eaque.', 'cumque-omnis-eaque', 'Rerum quae repudiandae quaerat magnam. Hic possimus nihil veniam distinctio sit. Qui rerum provident voluptas culpa. Neque vitae doloremque quos ea.', 'Delectus ut consequatur velit temporibus commodi. Et optio optio itaque ea. Qui corporis laudantium modi. Ab sed maiores ipsa enim eum. Dolorum omnis error nostrum.', 'DRAFT', 'https://lorempixel.com/1200/400/?28629', '2017-11-28 19:13:09', '2017-11-28 19:13:09'),
(242, 4, 5, 'Omnis similique esse illum doloremque molestiae.', 'omnis-similique-esse-illum-doloremque-molestiae', 'Sunt libero modi laborum sapiente incidunt labore temporibus quia. Repudiandae illum qui praesentium quis similique. Dignissimos quis aut consequatur et.', 'Voluptas harum rerum amet. Voluptates minima id eum vel praesentium eveniet. Eos amet eaque repellendus assumenda temporibus at. Ipsam sunt adipisci sed.', 'PUBLISHED', 'https://lorempixel.com/1200/400/?80953', '2017-11-28 19:13:10', '2017-11-28 19:13:10'),
(243, 8, 18, 'Earum hic sit nemo ea.', 'earum-hic-sit-nemo-ea', 'Blanditiis quo inventore et voluptatem voluptatem dicta mollitia. Incidunt mollitia nobis soluta incidunt tempore. Hic dolor voluptatem in optio corporis odit sit.', 'Qui dicta ducimus dignissimos voluptas eius vel. Ex aut voluptatem eius vel provident aut. Harum fuga odio blanditiis dolorum. Dolore nostrum quasi perferendis id ea commodi praesentium.', 'PUBLISHED', 'https://lorempixel.com/1200/400/?36292', '2017-11-28 19:13:10', '2017-11-28 19:13:10'),
(244, 3, 16, 'Sed architecto molestias.', 'sed-architecto-molestias', 'Eum distinctio excepturi harum rerum totam vero. Non alias nemo quas aperiam esse a. Ullam sint ipsam velit quasi et repellat.', 'Commodi expedita error ex beatae molestias et eius. Possimus laudantium tempore quia exercitationem illum nulla. Sint adipisci omnis sed voluptate est. Soluta vel qui qui et natus aspernatur.', 'PUBLISHED', 'https://lorempixel.com/1200/400/?20318', '2017-11-28 19:13:10', '2017-11-28 19:13:10'),
(245, 1, 14, 'Sed pariatur earum facilis praesentium exercitationem.', 'sed-pariatur-earum-facilis-praesentium-exercitationem', 'Quis in repudiandae placeat nisi. Officia voluptatem in non.', 'Qui natus ab commodi aliquid. Quis illum vel nesciunt consequatur fugiat facilis odio corrupti. Magnam quis est et quibusdam repellendus. Et id nobis architecto recusandae. In omnis accusantium aliquid qui qui sed.', 'DRAFT', 'https://lorempixel.com/1200/400/?45477', '2017-11-28 19:13:10', '2017-11-28 19:13:10'),
(246, 1, 3, 'Reiciendis voluptas error molestiae.', 'reiciendis-voluptas-error-molestiae', 'Tempora qui quaerat in autem. Et est dignissimos libero quisquam reiciendis perspiciatis perferendis autem. Doloremque sit et vero ut.', 'Unde tempore maxime autem omnis ab doloremque. Sit quasi est quaerat sint repellendus. Sed reiciendis est et reiciendis commodi ex culpa. Labore deleniti illo id voluptas.', 'PUBLISHED', 'https://lorempixel.com/1200/400/?15714', '2017-11-28 19:13:10', '2017-11-28 19:13:10'),
(247, 4, 4, 'Ut distinctio sint voluptatem.', 'ut-distinctio-sint-voluptatem', 'Enim fugit in numquam ea et. Sint illum harum voluptates minima. Quia qui ipsa maiores ipsam ipsa delectus. Sapiente vel ut eligendi sunt itaque.', 'Ullam libero debitis in rem ut omnis. Repellat atque magnam ut aut consequuntur voluptas. Molestias molestiae velit accusamus qui et facere quis.', 'DRAFT', 'https://lorempixel.com/1200/400/?60949', '2017-11-28 19:13:10', '2017-11-28 19:13:10'),
(248, 4, 1, 'Commodi eum sit.', 'commodi-eum-sit', 'Beatae rerum ut dicta. Quo non sapiente provident et dolor non suscipit. Reiciendis unde quidem sapiente consequatur dolor id.', 'Distinctio nesciunt debitis ex et necessitatibus. Et occaecati corrupti sint nemo molestiae. Et veritatis aut neque ut et cum. Placeat omnis eum eum ducimus.', 'PUBLISHED', 'https://lorempixel.com/1200/400/?68888', '2017-11-28 19:13:10', '2017-11-28 19:13:10'),
(249, 1, 19, 'Minima temporibus sint delectus in.', 'minima-temporibus-sint-delectus-in', 'Quia soluta dolorem quod est. Veniam commodi modi aperiam veritatis rerum. Molestias suscipit molestiae veritatis veritatis. Officiis cum asperiores ipsum quaerat.', 'Qui non laboriosam non debitis atque cum aspernatur. Eveniet non est sequi voluptatibus et. Consectetur sint aut esse quis in. Quod et aut non. Officia ex sunt ipsa iste.', 'DRAFT', 'https://lorempixel.com/1200/400/?28906', '2017-11-28 19:13:10', '2017-11-28 19:13:10'),
(250, 3, 15, 'Autem id in laborum voluptatibus.', 'autem-id-in-laborum-voluptatibus', 'Eaque neque beatae ratione dolorem repellendus quo. Ut asperiores molestiae exercitationem sequi accusantium quis. Aut temporibus dolorem fuga voluptatem ad. Non in molestiae voluptas et eum cumque.', 'Ratione ut est omnis et laboriosam a. Vitae eos occaecati veritatis necessitatibus in illo dolor. Et nobis odio in adipisci quo. Facilis quod ullam vero tenetur. Inventore atque quia deserunt reprehenderit.', 'DRAFT', 'https://lorempixel.com/1200/400/?64616', '2017-11-28 19:13:10', '2017-11-28 19:13:10'),
(251, 1, 17, 'Ut delectus earum et.', 'ut-delectus-earum-et', 'Voluptates explicabo ea aut aperiam. Excepturi aliquid et incidunt ea qui unde. Inventore natus sed ex tempora fugiat. Aut sed eum maxime labore qui eligendi perspiciatis.', 'Et non impedit libero qui non. Accusantium eos alias omnis. Aut facilis qui rerum optio velit nihil.', 'PUBLISHED', 'https://lorempixel.com/1200/400/?50168', '2017-11-28 19:13:10', '2017-11-28 19:13:10'),
(252, 5, 18, 'Numquam qui accusamus tenetur.', 'numquam-qui-accusamus-tenetur', 'Consectetur et earum recusandae. Ut corporis quo minima.', 'Tempore velit tempore molestias sint quidem. Est provident nesciunt explicabo. Adipisci aut reprehenderit quas. Quod quo voluptas dignissimos placeat nihil ab est.', 'PUBLISHED', 'https://lorempixel.com/1200/400/?37173', '2017-11-28 19:13:10', '2017-11-28 19:13:10'),
(253, 6, 8, 'Consequatur eum at cumque.', 'consequatur-eum-at-cumque', 'Ut velit et maiores omnis est velit. Porro quisquam dignissimos corporis error expedita. Cupiditate sed minima nobis.', 'Quasi omnis explicabo sed alias sed voluptas vero placeat. Et nam voluptate tempore temporibus. Corporis similique quia non earum.', 'PUBLISHED', 'https://lorempixel.com/1200/400/?33680', '2017-11-28 19:13:10', '2017-11-28 19:13:10'),
(254, 10, 15, 'Praesentium temporibus a aut dignissimos corporis.', 'praesentium-temporibus-a-aut-dignissimos-corporis', 'Sit aut odit hic modi ab. Nostrum ipsa eius assumenda assumenda. Quo sed porro voluptates ea. Id ut non earum nulla aperiam et voluptas modi. Sed dolor suscipit enim. Maiores unde itaque culpa.', 'Voluptate occaecati est quo architecto illo sunt. Cumque maiores ipsa inventore. Quibusdam recusandae aut consectetur molestiae. Recusandae pariatur ab corporis voluptas maiores.', 'PUBLISHED', 'https://lorempixel.com/1200/400/?24133', '2017-11-28 19:13:10', '2017-11-28 19:13:10'),
(255, 6, 12, 'Sint laboriosam voluptatum qui fugiat iste.', 'sint-laboriosam-voluptatum-qui-fugiat-iste', 'Ut et sed cumque porro quisquam ea laborum eveniet. Nemo cupiditate ea beatae sint magni odit sed itaque. Nihil voluptatem fugiat adipisci modi ab.', 'Et in vero qui dolore quia ut accusamus minima. Possimus pariatur nisi consectetur consequatur aperiam rerum ipsam. Exercitationem dolorem quas rerum provident voluptatum.', 'PUBLISHED', 'https://lorempixel.com/1200/400/?31291', '2017-11-28 19:13:10', '2017-11-28 19:13:10'),
(256, 4, 20, 'Quia ullam consequatur facilis illum.', 'quia-ullam-consequatur-facilis-illum', 'Qui et voluptatum aut quidem sint alias animi. Omnis omnis culpa quas ut. Id voluptatem eveniet ad unde.', 'Dolorem quibusdam nostrum pariatur consectetur quod eligendi necessitatibus corrupti. Vel eum veniam facilis delectus beatae et. Tempora enim error possimus.', 'DRAFT', 'https://lorempixel.com/1200/400/?17206', '2017-11-28 19:13:10', '2017-11-28 19:13:10'),
(257, 4, 18, 'Officiis ipsa pariatur reiciendis asperiores aut.', 'officiis-ipsa-pariatur-reiciendis-asperiores-aut', 'Sed earum qui magnam quis labore animi. Ipsum pariatur iure vel dolor tempore. Ab deleniti dolor ea sit sapiente quo dolorem est.', 'Ut perferendis tempore dolore et error. Illum natus quos reiciendis nemo voluptas et. Voluptatem ut nam quia dolor aut ipsum. Explicabo placeat ea sunt et est voluptatem minus saepe.', 'PUBLISHED', 'https://lorempixel.com/1200/400/?67456', '2017-11-28 19:13:10', '2017-11-28 19:13:10'),
(258, 9, 18, 'Iure error quo aliquam dolorem ut.', 'iure-error-quo-aliquam-dolorem-ut', 'Aut eius rerum rem natus commodi assumenda. Eaque omnis distinctio eveniet a laboriosam. Recusandae dignissimos a dolores nobis sed.', 'Nemo dolorem fuga nemo sequi. Rerum consequuntur eaque quo veniam autem optio amet. Architecto magni dolorum quasi et excepturi voluptatem.', 'DRAFT', 'https://lorempixel.com/1200/400/?26546', '2017-11-28 19:13:10', '2017-11-28 19:13:10'),
(259, 7, 5, 'Consectetur explicabo ut ad molestias voluptatibus.', 'consectetur-explicabo-ut-ad-molestias-voluptatibus', 'Eligendi assumenda iusto velit consequatur velit nulla quis. Totam enim odio dolores ea culpa doloribus est consequatur. Harum saepe provident voluptatem error quae porro.', 'Nesciunt nihil quis repudiandae qui. Aliquam laborum nesciunt consectetur sed ut commodi. Veniam velit tenetur corporis. Eum quae ab autem quam dignissimos dolorem.', 'DRAFT', 'https://lorempixel.com/1200/400/?25112', '2017-11-28 19:13:10', '2017-11-28 19:13:10'),
(260, 9, 4, 'Magnam veritatis ullam quod et ullam.', 'magnam-veritatis-ullam-quod-et-ullam', 'Necessitatibus veniam qui a fugiat iure laboriosam est. Illo magnam eos ipsum inventore eligendi. Ex aut excepturi et sed quia similique.', 'Et voluptatem fugiat est atque adipisci. Eum minus recusandae id porro. Maxime voluptatem recusandae excepturi dolor molestias quia rerum.', 'DRAFT', 'https://lorempixel.com/1200/400/?96698', '2017-11-28 19:13:10', '2017-11-28 19:13:10'),
(261, 10, 2, 'Occaecati ullam est et culpa ea.', 'occaecati-ullam-est-et-culpa-ea', 'Maxime ea aliquid id eos error. Qui earum dolorum possimus amet. Eum veniam aliquid veritatis consequuntur repudiandae saepe omnis. Eos consequuntur vitae adipisci id accusamus accusamus.', 'Hic beatae incidunt dolore a nihil a voluptates. Natus possimus nemo omnis dolorem.', 'DRAFT', 'https://lorempixel.com/1200/400/?46892', '2017-11-28 19:13:10', '2017-11-28 19:13:10'),
(262, 6, 1, 'Quo quis sit dolore.', 'quo-quis-sit-dolore', 'Vel earum tenetur et. Commodi laborum consequatur dolor animi enim provident asperiores. Eaque delectus velit optio rerum ut ipsam. Ut non velit consequatur et maxime ullam aut reprehenderit.', 'Quia totam magni inventore et dicta incidunt et perferendis. Rem rerum ea reprehenderit. Similique perspiciatis consequuntur vitae enim. At qui aut aut minus.', 'DRAFT', 'https://lorempixel.com/1200/400/?38699', '2017-11-28 19:13:10', '2017-11-28 19:13:10'),
(263, 2, 9, 'Earum dicta vero.', 'earum-dicta-vero', 'Aut molestiae et at quia consequatur earum. Sapiente in totam impedit nam. Quo dolores deleniti suscipit nihil aut totam deserunt quo.', 'Ex eligendi est quos. Culpa maiores qui non. Molestias ex adipisci odit numquam praesentium. Perspiciatis beatae enim pariatur esse dolores nihil est. Voluptatem dolor officia recusandae fuga atque. At enim eos aut hic et placeat ut.', 'PUBLISHED', 'https://lorempixel.com/1200/400/?42846', '2017-11-28 19:13:10', '2017-11-28 19:13:10'),
(264, 6, 3, 'Incidunt dicta est quasi.', 'incidunt-dicta-est-quasi', 'Necessitatibus quam delectus corporis assumenda repellendus. Voluptatem ipsa quo necessitatibus nihil officia sunt. Assumenda natus hic labore.', 'Nulla nesciunt dolores iste et animi fugit ad. Et et commodi officia nulla accusantium. Dolore vero a vero iusto neque consequatur in. Voluptas qui rerum accusamus sint aut autem at. Occaecati aperiam molestias reprehenderit eius.', 'PUBLISHED', 'https://lorempixel.com/1200/400/?41511', '2017-11-28 19:13:10', '2017-11-28 19:13:10'),
(265, 4, 16, 'Distinctio eum sint suscipit.', 'distinctio-eum-sint-suscipit', 'Libero amet enim ex nobis facere. Sint facere quo eum sed quaerat omnis non. Aut eligendi voluptas praesentium numquam magnam magnam.', 'Deleniti nihil est sequi sint ea delectus. Vero quis consectetur ab repudiandae pariatur quam minima. Et ex enim unde non commodi. Possimus impedit incidunt occaecati at temporibus rerum quod ipsam.', 'DRAFT', 'https://lorempixel.com/1200/400/?10345', '2017-11-28 19:13:10', '2017-11-28 19:13:10'),
(266, 10, 16, 'Aperiam in quia veritatis vitae.', 'aperiam-in-quia-veritatis-vitae', 'Tempora corporis nam saepe perspiciatis et ut repellat. Est voluptatum occaecati soluta est nihil alias sit. Possimus consectetur ut minus et et.', 'Est voluptatem suscipit beatae architecto in. Et quia eos ad sit. Omnis sequi deserunt dicta. Vero vel facere voluptatem est debitis qui explicabo.', 'DRAFT', 'https://lorempixel.com/1200/400/?49815', '2017-11-28 19:13:10', '2017-11-28 19:13:10'),
(267, 7, 2, 'Neque incidunt placeat architecto deserunt.', 'neque-incidunt-placeat-architecto-deserunt', 'Accusamus possimus eveniet maiores dolorum enim. Voluptas dicta repudiandae laudantium excepturi ducimus est nisi.', 'Nihil dolorum molestiae facilis explicabo rem. Accusantium dolores molestiae sed amet unde. Sit explicabo distinctio distinctio et dolore et. Consequatur a non beatae temporibus autem.', 'DRAFT', 'https://lorempixel.com/1200/400/?76058', '2017-11-28 19:13:10', '2017-11-28 19:13:10'),
(268, 3, 14, 'Itaque quos esse quia.', 'itaque-quos-esse-quia', 'Aut nulla sint eos et vel. Qui rerum voluptatem consequatur rerum ducimus ut non. Consequuntur quis id incidunt est sed.', 'At error expedita consequatur itaque iure molestiae suscipit. Deserunt et inventore vel et minima. Ex officiis culpa iure id harum dolores.', 'PUBLISHED', 'https://lorempixel.com/1200/400/?39005', '2017-11-28 19:13:10', '2017-11-28 19:13:10'),
(269, 3, 15, 'Aut nisi saepe atque.', 'aut-nisi-saepe-atque', 'Voluptatem cum voluptatem explicabo itaque amet voluptatem. Veritatis ipsum quisquam dolores perspiciatis. Quod itaque optio at vitae rem.', 'Quo suscipit temporibus non aut. Dolorum fugiat ut aut laudantium doloremque illo sunt.', 'PUBLISHED', 'https://lorempixel.com/1200/400/?23484', '2017-11-28 19:13:10', '2017-11-28 19:13:10'),
(270, 7, 1, 'Libero nisi maiores pariatur.', 'libero-nisi-maiores-pariatur', 'Ipsum fugit in reiciendis quia ipsa nostrum temporibus. Dolores incidunt omnis id dolorem. Sit voluptatem quod sint quasi sed id quaerat.', 'Labore praesentium quas natus est facilis fugiat accusantium. Voluptatum optio harum molestias enim. Expedita perspiciatis animi quos et quae velit omnis. Error consequatur modi ut animi.', 'PUBLISHED', 'https://lorempixel.com/1200/400/?42540', '2017-11-28 19:13:10', '2017-11-28 19:13:10'),
(271, 1, 16, 'Et animi nobis quibusdam harum iusto.', 'et-animi-nobis-quibusdam-harum-iusto', 'Inventore enim vel dolorem sed vero quo minima illum. Mollitia dolores alias deserunt debitis. Vero est sit voluptatem dolor.', 'Cupiditate necessitatibus tenetur explicabo culpa sunt. Quis qui eveniet blanditiis ea. In qui occaecati facere ut. Repellendus aut cum ipsam tempore illum.', 'DRAFT', 'https://lorempixel.com/1200/400/?30230', '2017-11-28 19:13:10', '2017-11-28 19:13:10'),
(272, 8, 11, 'Dolor et commodi quae explicabo.', 'dolor-et-commodi-quae-explicabo', 'Nulla similique blanditiis nemo quam quis sint omnis. Ut eius nihil possimus impedit ea ratione autem saepe. Placeat dolorem deserunt consequatur possimus. Amet ipsa dolores consectetur nihil.', 'Ab quis tempore in ipsum debitis recusandae quia. Voluptatem illum ex suscipit sunt deserunt. Ut non magni et culpa quas non in. Provident et ut ratione consectetur dolorem consequatur rerum quas.', 'PUBLISHED', 'https://lorempixel.com/1200/400/?47143', '2017-11-28 19:13:10', '2017-11-28 19:13:10'),
(273, 4, 14, 'Rerum placeat eveniet ut quas.', 'rerum-placeat-eveniet-ut-quas', 'Unde non ut qui animi ratione veritatis maiores. Sed quia non dolores sequi sed quia.', 'Quisquam molestiae doloremque dolore magnam placeat. Aspernatur totam illum unde praesentium et assumenda optio. Voluptas doloribus esse laboriosam reprehenderit. Nesciunt aut expedita suscipit architecto consequatur est quisquam accusamus.', 'PUBLISHED', 'https://lorempixel.com/1200/400/?81744', '2017-11-28 19:13:10', '2017-11-28 19:13:10'),
(274, 7, 9, 'Illo est illo explicabo velit.', 'illo-est-illo-explicabo-velit', 'Dolores suscipit ipsa pariatur. Veritatis aut delectus qui qui suscipit labore qui. Necessitatibus delectus excepturi fugiat labore enim ut iusto maxime. Alias earum in aut culpa.', 'Iure eius deserunt error. Sunt asperiores nam quo non. Dolorem quia consectetur numquam. Dolor enim quia neque iste similique. Soluta harum optio et culpa quia accusantium corrupti. Amet quam dicta modi laborum id.', 'DRAFT', 'https://lorempixel.com/1200/400/?28316', '2017-11-28 19:13:10', '2017-11-28 19:13:10'),
(275, 10, 8, 'Nulla assumenda eligendi et.', 'nulla-assumenda-eligendi-et', 'Nobis quam ea omnis incidunt necessitatibus quis consequuntur. Voluptas qui placeat et veniam praesentium dolor expedita. Dolores illum reprehenderit consequatur et minus sequi fugiat.', 'Perferendis fugiat officia sint eius aut. In non ad molestiae sunt sed. Repellat quam beatae possimus et ducimus rem esse vitae. Deleniti dolores et doloribus maiores.', 'PUBLISHED', 'https://lorempixel.com/1200/400/?24758', '2017-11-28 19:13:10', '2017-11-28 19:13:10'),
(276, 8, 9, 'Molestias facere doloremque perspiciatis dolor et.', 'molestias-facere-doloremque-perspiciatis-dolor-et', 'Consequuntur nam consequatur aliquid culpa. Aut et molestias soluta sequi illo ducimus. Qui praesentium quaerat rerum architecto cupiditate ducimus soluta.', 'Facere dolorem voluptatem nihil. Omnis repudiandae in ea eos suscipit illo est. Explicabo ad porro qui vitae reprehenderit et alias sit.', 'PUBLISHED', 'https://lorempixel.com/1200/400/?33179', '2017-11-28 19:13:10', '2017-11-28 19:13:10'),
(277, 4, 8, 'Non deleniti optio ut et.', 'non-deleniti-optio-ut-et', 'Ut nulla eius reprehenderit ex harum explicabo. Ut nisi velit nisi et iusto. Debitis quia molestiae aut ut totam. Nesciunt est delectus natus et perferendis illum assumenda.', 'Qui velit ipsam voluptatibus ut. Impedit amet quod in debitis nihil. Deleniti repellendus et quia quidem. Beatae illo ipsa expedita porro non. Sint et voluptates voluptatem ad. Ut nemo sed repellat. Debitis eum quidem accusamus et et labore.', 'PUBLISHED', 'https://lorempixel.com/1200/400/?43251', '2017-11-28 19:13:10', '2017-11-28 19:13:10'),
(278, 5, 15, 'Itaque culpa architecto possimus sit omnis.', 'itaque-culpa-architecto-possimus-sit-omnis', 'Omnis dolorem hic maiores perferendis. Velit expedita ducimus et qui nam. Harum aut recusandae sit atque. Sed recusandae ut quo veniam.', 'Rem qui est corporis rerum provident quo. Eveniet cumque error aut totam. Rem ea ut sunt animi odit inventore quisquam.', 'DRAFT', 'https://lorempixel.com/1200/400/?51950', '2017-11-28 19:13:10', '2017-11-28 19:13:10'),
(279, 3, 12, 'Omnis enim praesentium veritatis reiciendis enim.', 'omnis-enim-praesentium-veritatis-reiciendis-enim', 'Occaecati eum doloremque dolores et. Et ratione quisquam et consequatur odit. Minus vitae doloribus quia quos autem ab.', 'Officiis nihil et a adipisci dignissimos eum suscipit possimus. Unde ratione soluta nulla cumque temporibus iste. Qui corrupti magnam nihil delectus architecto amet.', 'PUBLISHED', 'https://lorempixel.com/1200/400/?46877', '2017-11-28 19:13:10', '2017-11-28 19:13:10'),
(280, 2, 3, 'Consequatur distinctio repellendus.', 'consequatur-distinctio-repellendus', 'Nobis porro commodi voluptatum fugit molestiae laudantium. Vel reprehenderit et repellat error. Ut id iusto modi iusto nihil. Velit at voluptas minima eos voluptatum veritatis optio.', 'Est quia enim occaecati. Magni qui nihil qui quia consequatur veniam et. Excepturi deleniti magni aut illo.', 'DRAFT', 'https://lorempixel.com/1200/400/?37457', '2017-11-28 19:13:10', '2017-11-28 19:13:10'),
(281, 1, 11, 'Et accusamus aliquid voluptatem voluptatem.', 'et-accusamus-aliquid-voluptatem-voluptatem', 'Neque quae ea dignissimos. Alias optio enim exercitationem earum. Aliquam magnam ut ea atque. Et beatae ut temporibus repellendus impedit.', 'Est voluptatem atque possimus iste soluta vel. Non consequatur velit dignissimos nam. Et culpa ea voluptas consequuntur odio. Molestias eos est odio ipsum dolor.', 'PUBLISHED', 'https://lorempixel.com/1200/400/?32252', '2017-11-28 19:13:10', '2017-11-28 19:13:10'),
(282, 10, 16, 'Dolores blanditiis accusamus velit.', 'dolores-blanditiis-accusamus-velit', 'Eius quisquam hic iure quas accusamus. Natus nihil perferendis qui. Cum occaecati natus excepturi eos sed qui perferendis.', 'Aliquam facere natus et maxime adipisci dolorum quis. A non sed quo perferendis nam.', 'PUBLISHED', 'https://lorempixel.com/1200/400/?38509', '2017-11-28 19:13:10', '2017-11-28 19:13:10'),
(283, 7, 4, 'Sunt qui sit soluta dolorem.', 'sunt-qui-sit-soluta-dolorem', 'Exercitationem tempore architecto sequi eos. Tenetur eum unde non quaerat. Aut fugiat et et ab non officia velit. Laudantium beatae facere quo facere qui velit eum.', 'Consectetur fugit molestiae reiciendis assumenda velit inventore rem. Odio eos ut aut provident et incidunt. Excepturi et asperiores est eum. Impedit voluptas ratione dignissimos placeat odio.', 'DRAFT', 'https://lorempixel.com/1200/400/?34763', '2017-11-28 19:13:10', '2017-11-28 19:13:10'),
(284, 5, 8, 'Nisi illum in minima.', 'nisi-illum-in-minima', 'Voluptatem omnis error quibusdam ex dolor nisi. Qui ut non dignissimos possimus eius eligendi. Repellendus quia vitae ea ut.', 'Necessitatibus dicta et iusto iusto ipsa. Id aut voluptas rerum id. Ut impedit aut sit veritatis. Quos est qui id voluptatem vel cum dicta.', 'DRAFT', 'https://lorempixel.com/1200/400/?94630', '2017-11-28 19:13:10', '2017-11-28 19:13:10'),
(285, 3, 20, 'Natus cupiditate expedita iste hic itaque.', 'natus-cupiditate-expedita-iste-hic-itaque', 'Sit accusamus neque voluptates consequatur labore. Quo tempora ut iste inventore labore delectus. Dolor sint voluptatibus inventore facere culpa dolorem qui iure. Ex molestiae vitae doloremque.', 'Commodi odio explicabo architecto saepe reiciendis est et odio. Molestias qui provident nulla dolorem ad. Ipsum animi explicabo provident ullam et numquam temporibus. Dolorum dolorem similique amet omnis vel.', 'PUBLISHED', 'https://lorempixel.com/1200/400/?91343', '2017-11-28 19:13:10', '2017-11-28 19:13:10'),
(286, 8, 5, 'Delectus omnis quo inventore cum.', 'delectus-omnis-quo-inventore-cum', 'Temporibus eaque sed praesentium. Similique vero vitae consectetur minus ut. Sit voluptatem eaque libero qui dolore. Impedit autem ut aut ducimus excepturi ad rem. Illum accusantium ea voluptas.', 'Modi natus suscipit adipisci eius temporibus asperiores. Facere amet eveniet maiores cumque minima sed totam sapiente. Suscipit aliquid reprehenderit ab ratione facilis ducimus.', 'PUBLISHED', 'https://lorempixel.com/1200/400/?36796', '2017-11-28 19:13:10', '2017-11-28 19:13:10'),
(287, 9, 18, 'Sed iste quo vel maxime omnis.', 'sed-iste-quo-vel-maxime-omnis', 'Sed qui minima iusto ipsa rem est similique. Voluptatibus temporibus suscipit dolores. Consequuntur expedita voluptates amet voluptas porro qui est. Mollitia eligendi dolore laboriosam at aliquam.', 'Non veritatis voluptatem consequatur. Qui eveniet incidunt qui corporis accusantium in illo. Voluptatem nisi porro fuga hic.', 'DRAFT', 'https://lorempixel.com/1200/400/?62024', '2017-11-28 19:13:11', '2017-11-28 19:13:11'),
(288, 6, 19, 'Eligendi beatae et deleniti.', 'eligendi-beatae-et-deleniti', 'Excepturi perferendis sed eveniet vitae a qui placeat. Neque saepe ut et qui. Reiciendis et vero culpa est pariatur nobis. Explicabo dolores veniam quidem quidem et voluptatem iste.', 'Et qui consequatur dignissimos ad praesentium sunt in et. Id tempore maiores aspernatur et atque ut. Quia illum et eos animi labore.', 'DRAFT', 'https://lorempixel.com/1200/400/?52861', '2017-11-28 19:13:11', '2017-11-28 19:13:11'),
(289, 7, 8, 'Voluptas adipisci quas possimus.', 'voluptas-adipisci-quas-possimus', 'Nisi tempore voluptates occaecati rerum. Aliquid aut velit aliquam deserunt in. Quia rerum eius at rerum et.', 'Culpa non aut reprehenderit ex reprehenderit vitae porro. Ut accusantium repudiandae mollitia voluptatem harum quaerat. Maxime quae illum enim eos debitis molestiae qui.', 'DRAFT', 'https://lorempixel.com/1200/400/?34642', '2017-11-28 19:13:11', '2017-11-28 19:13:11'),
(290, 8, 17, 'Nihil nulla ex incidunt.', 'nihil-nulla-ex-incidunt', 'Soluta exercitationem aliquam voluptates. Alias velit praesentium voluptas quasi pariatur animi et. Et repellat nulla harum accusamus aut accusantium blanditiis.', 'Nihil quasi fugit vel voluptatem minima. Omnis officia similique voluptatum cum. Qui quas repellendus dolores eius nam itaque.', 'PUBLISHED', 'https://lorempixel.com/1200/400/?37161', '2017-11-28 19:13:11', '2017-11-28 19:13:11'),
(291, 7, 9, 'Tempora fugit natus iste explicabo.', 'tempora-fugit-natus-iste-explicabo', 'Non veniam nobis molestiae ipsa nesciunt. Vel et rerum ut nemo similique tenetur non. Fugiat voluptatem exercitationem hic rem et veritatis impedit doloremque.', 'Vero qui et optio iste omnis qui quos repudiandae. Corrupti non quis occaecati a quibusdam odit dolorem eius. Qui voluptas et cum laboriosam veniam est voluptatum in.', 'PUBLISHED', 'https://lorempixel.com/1200/400/?38788', '2017-11-28 19:13:11', '2017-11-28 19:13:11'),
(292, 2, 12, 'Voluptate qui nisi quia incidunt dolores.', 'voluptate-qui-nisi-quia-incidunt-dolores', 'Ad dolores nulla ipsa vel asperiores. Quis eveniet iure in omnis sapiente. Et accusamus vel nihil nihil.', 'Consequuntur at molestiae voluptas soluta nihil rerum. Aut nihil in minima eum eos. Molestiae nemo ratione enim placeat aperiam et. Rem eius repudiandae id voluptate dolorem.', 'PUBLISHED', 'https://lorempixel.com/1200/400/?30927', '2017-11-28 19:13:11', '2017-11-28 19:13:11'),
(293, 1, 11, 'Ut magnam in commodi hic.', 'ut-magnam-in-commodi-hic', 'Cum sit sed adipisci consequuntur. Voluptatem ad rerum sed blanditiis ea enim consectetur. Qui porro quasi magnam id.', 'Laboriosam eligendi enim fugit occaecati nesciunt sed rerum id. Unde qui reprehenderit vitae reprehenderit. Saepe optio suscipit ea quos corrupti.', 'DRAFT', 'https://lorempixel.com/1200/400/?62387', '2017-11-28 19:13:11', '2017-11-28 19:13:11'),
(294, 8, 8, 'Voluptatibus quia atque est.', 'voluptatibus-quia-atque-est', 'Et sed architecto placeat iste qui. Ipsa sequi a odio distinctio inventore modi. Architecto sunt dicta sed quibusdam quo voluptatem. Inventore magni aspernatur iure quidem quis.', 'Quia placeat illo porro ratione temporibus voluptatum quisquam. Mollitia porro dolor dolores et quibusdam omnis. Repellat voluptas neque quaerat accusamus ea error voluptatem id.', 'DRAFT', 'https://lorempixel.com/1200/400/?65712', '2017-11-28 19:13:11', '2017-11-28 19:13:11'),
(295, 8, 13, 'Non laborum voluptas.', 'non-laborum-voluptas', 'Quam repellendus sunt iusto recusandae dolores quia et. Itaque est est et laudantium tempora. Repellat et temporibus dolore molestias repellendus. Dicta ut et occaecati.', 'Necessitatibus distinctio aperiam sit ex. Molestiae esse aut saepe magni suscipit nulla ea voluptas. Accusamus nisi quo ab reprehenderit sit enim.', 'PUBLISHED', 'https://lorempixel.com/1200/400/?31329', '2017-11-28 19:13:11', '2017-11-28 19:13:11'),
(296, 1, 20, 'Aut nihil qui sint.', 'aut-nihil-qui-sint', 'Ipsum sed et aut quis. Omnis consequatur distinctio sed expedita vero possimus.', 'Laborum repellat quibusdam aspernatur rerum aut tempora. Molestiae voluptatibus aut quo et hic qui. Eum nisi eos tempore magni debitis enim.', 'DRAFT', 'https://lorempixel.com/1200/400/?41874', '2017-11-28 19:13:11', '2017-11-28 19:13:11'),
(297, 2, 4, 'Eos qui veritatis nesciunt at.', 'eos-qui-veritatis-nesciunt-at', 'Et accusantium iure rem laborum deserunt. Soluta et quos tenetur alias pariatur facere nihil et. Ipsum quaerat eos earum amet quidem illum nihil sit.', 'Perferendis quia eaque similique velit quo. Incidunt sit iusto labore vel. Quia laboriosam voluptatem quam tempora ea eligendi.', 'PUBLISHED', 'https://lorempixel.com/1200/400/?25941', '2017-11-28 19:13:11', '2017-11-28 19:13:11'),
(298, 3, 13, 'Hic vel incidunt quas.', 'hic-vel-incidunt-quas', 'Voluptas sed eaque veniam beatae sint. At et ut incidunt amet autem rerum molestias. Debitis at aut qui laboriosam aliquam.', 'Minus dolor quod nihil est laborum facilis. Natus impedit cum veritatis sit architecto cumque est. Sit ipsum repudiandae eius sunt soluta nobis commodi.', 'PUBLISHED', 'https://lorempixel.com/1200/400/?60642', '2017-11-28 19:13:11', '2017-11-28 19:13:11'),
(299, 10, 4, 'Neque earum expedita.', 'neque-earum-expedita', 'Eius ratione aliquid minima nesciunt. Ut laboriosam molestias eum consequatur eligendi molestiae nostrum. Non eum quo autem quas harum.', 'Est laboriosam iure nihil dolor rem beatae reiciendis. Modi dolores ex enim enim.', 'DRAFT', 'https://lorempixel.com/1200/400/?10439', '2017-11-28 19:13:11', '2017-11-28 19:13:11');
INSERT INTO `posts` (`id`, `user_id`, `category_id`, `name`, `slug`, `excerpt`, `body`, `status`, `file`, `created_at`, `updated_at`) VALUES
(300, 10, 20, 'Saepe culpa iure corporis.', 'saepe-culpa-iure-corporis', 'Et quidem placeat optio officiis magnam sit deserunt molestiae. Voluptas et aliquid eum necessitatibus. Consectetur ad accusantium aliquam rerum.', 'Dolores maxime eos commodi maxime laudantium inventore ut. Facilis dignissimos et aut consequatur similique impedit. Qui qui vel pariatur velit deleniti.', 'PUBLISHED', 'https://lorempixel.com/1200/400/?70325', '2017-11-28 19:13:11', '2017-11-28 19:13:11');

-- --------------------------------------------------------

--
-- Estructura de tabla para la tabla `post_tag`
--

CREATE TABLE IF NOT EXISTS `post_tag` (
  `id` int(10) unsigned NOT NULL,
  `post_id` int(10) unsigned NOT NULL,
  `tag_id` int(10) unsigned NOT NULL,
  `created_at` timestamp NULL DEFAULT NULL,
  `updated_at` timestamp NULL DEFAULT NULL
) ENGINE=InnoDB AUTO_INCREMENT=901 DEFAULT CHARSET=utf8mb4 COLLATE=utf8mb4_unicode_ci;

--
-- Volcado de datos para la tabla `post_tag`
--

INSERT INTO `post_tag` (`id`, `post_id`, `tag_id`, `created_at`, `updated_at`) VALUES
(1, 1, 4, NULL, NULL),
(2, 1, 6, NULL, NULL),
(3, 1, 16, NULL, NULL),
(4, 2, 2, NULL, NULL),
(5, 2, 6, NULL, NULL),
(6, 2, 19, NULL, NULL),
(7, 3, 4, NULL, NULL),
(8, 3, 8, NULL, NULL),
(9, 3, 17, NULL, NULL),
(10, 4, 5, NULL, NULL),
(11, 4, 9, NULL, NULL),
(12, 4, 15, NULL, NULL),
(13, 5, 4, NULL, NULL),
(14, 5, 9, NULL, NULL),
(15, 5, 20, NULL, NULL),
(16, 6, 3, NULL, NULL),
(17, 6, 7, NULL, NULL),
(18, 6, 18, NULL, NULL),
(19, 7, 2, NULL, NULL),
(20, 7, 13, NULL, NULL),
(21, 7, 19, NULL, NULL),
(22, 8, 3, NULL, NULL),
(23, 8, 9, NULL, NULL),
(24, 8, 19, NULL, NULL),
(25, 9, 3, NULL, NULL),
(26, 9, 12, NULL, NULL),
(27, 9, 15, NULL, NULL),
(28, 10, 2, NULL, NULL),
(29, 10, 12, NULL, NULL),
(30, 10, 15, NULL, NULL),
(31, 11, 5, NULL, NULL),
(32, 11, 9, NULL, NULL),
(33, 11, 17, NULL, NULL),
(34, 12, 1, NULL, NULL),
(35, 12, 6, NULL, NULL),
(36, 12, 16, NULL, NULL),
(37, 13, 4, NULL, NULL),
(38, 13, 11, NULL, NULL),
(39, 13, 16, NULL, NULL),
(40, 14, 3, NULL, NULL),
(41, 14, 11, NULL, NULL),
(42, 14, 17, NULL, NULL),
(43, 15, 2, NULL, NULL),
(44, 15, 8, NULL, NULL),
(45, 15, 15, NULL, NULL),
(46, 16, 1, NULL, NULL),
(47, 16, 14, NULL, NULL),
(48, 16, 17, NULL, NULL),
(49, 17, 4, NULL, NULL),
(50, 17, 10, NULL, NULL),
(51, 17, 17, NULL, NULL),
(52, 18, 2, NULL, NULL),
(53, 18, 14, NULL, NULL),
(54, 18, 16, NULL, NULL),
(55, 19, 1, NULL, NULL),
(56, 19, 8, NULL, NULL),
(57, 19, 17, NULL, NULL),
(58, 20, 1, NULL, NULL),
(59, 20, 7, NULL, NULL),
(60, 20, 20, NULL, NULL),
(61, 21, 5, NULL, NULL),
(62, 21, 12, NULL, NULL),
(63, 21, 16, NULL, NULL),
(64, 22, 4, NULL, NULL),
(65, 22, 11, NULL, NULL),
(66, 22, 20, NULL, NULL),
(67, 23, 2, NULL, NULL),
(68, 23, 6, NULL, NULL),
(69, 23, 18, NULL, NULL),
(70, 24, 2, NULL, NULL),
(71, 24, 6, NULL, NULL),
(72, 24, 17, NULL, NULL),
(73, 25, 1, NULL, NULL),
(74, 25, 12, NULL, NULL),
(75, 25, 18, NULL, NULL),
(76, 26, 2, NULL, NULL),
(77, 26, 14, NULL, NULL),
(78, 26, 20, NULL, NULL),
(79, 27, 3, NULL, NULL),
(80, 27, 8, NULL, NULL),
(81, 27, 17, NULL, NULL),
(82, 28, 2, NULL, NULL),
(83, 28, 13, NULL, NULL),
(84, 28, 17, NULL, NULL),
(85, 29, 3, NULL, NULL),
(86, 29, 14, NULL, NULL),
(87, 29, 15, NULL, NULL),
(88, 30, 5, NULL, NULL),
(89, 30, 11, NULL, NULL),
(90, 30, 16, NULL, NULL),
(91, 31, 4, NULL, NULL),
(92, 31, 9, NULL, NULL),
(93, 31, 17, NULL, NULL),
(94, 32, 2, NULL, NULL),
(95, 32, 13, NULL, NULL),
(96, 32, 20, NULL, NULL),
(97, 33, 1, NULL, NULL),
(98, 33, 11, NULL, NULL),
(99, 33, 20, NULL, NULL),
(100, 34, 4, NULL, NULL),
(101, 34, 14, NULL, NULL),
(102, 34, 20, NULL, NULL),
(103, 35, 2, NULL, NULL),
(104, 35, 9, NULL, NULL),
(105, 35, 20, NULL, NULL),
(106, 36, 5, NULL, NULL),
(107, 36, 8, NULL, NULL),
(108, 36, 16, NULL, NULL),
(109, 37, 1, NULL, NULL),
(110, 37, 9, NULL, NULL),
(111, 37, 16, NULL, NULL),
(112, 38, 5, NULL, NULL),
(113, 38, 12, NULL, NULL),
(114, 38, 20, NULL, NULL),
(115, 39, 3, NULL, NULL),
(116, 39, 11, NULL, NULL),
(117, 39, 18, NULL, NULL),
(118, 40, 3, NULL, NULL),
(119, 40, 11, NULL, NULL),
(120, 40, 15, NULL, NULL),
(121, 41, 1, NULL, NULL),
(122, 41, 10, NULL, NULL),
(123, 41, 18, NULL, NULL),
(124, 42, 4, NULL, NULL),
(125, 42, 7, NULL, NULL),
(126, 42, 20, NULL, NULL),
(127, 43, 5, NULL, NULL),
(128, 43, 6, NULL, NULL),
(129, 43, 15, NULL, NULL),
(130, 44, 2, NULL, NULL),
(131, 44, 13, NULL, NULL),
(132, 44, 16, NULL, NULL),
(133, 45, 4, NULL, NULL),
(134, 45, 9, NULL, NULL),
(135, 45, 20, NULL, NULL),
(136, 46, 1, NULL, NULL),
(137, 46, 7, NULL, NULL),
(138, 46, 20, NULL, NULL),
(139, 47, 2, NULL, NULL),
(140, 47, 14, NULL, NULL),
(141, 47, 18, NULL, NULL),
(142, 48, 5, NULL, NULL),
(143, 48, 10, NULL, NULL),
(144, 48, 17, NULL, NULL),
(145, 49, 2, NULL, NULL),
(146, 49, 10, NULL, NULL),
(147, 49, 19, NULL, NULL),
(148, 50, 4, NULL, NULL),
(149, 50, 14, NULL, NULL),
(150, 50, 20, NULL, NULL),
(151, 51, 3, NULL, NULL),
(152, 51, 9, NULL, NULL),
(153, 51, 15, NULL, NULL),
(154, 52, 3, NULL, NULL),
(155, 52, 12, NULL, NULL),
(156, 52, 20, NULL, NULL),
(157, 53, 3, NULL, NULL),
(158, 53, 8, NULL, NULL),
(159, 53, 16, NULL, NULL),
(160, 54, 5, NULL, NULL),
(161, 54, 9, NULL, NULL),
(162, 54, 19, NULL, NULL),
(163, 55, 1, NULL, NULL),
(164, 55, 12, NULL, NULL),
(165, 55, 19, NULL, NULL),
(166, 56, 4, NULL, NULL),
(167, 56, 14, NULL, NULL),
(168, 56, 20, NULL, NULL),
(169, 57, 5, NULL, NULL),
(170, 57, 14, NULL, NULL),
(171, 57, 19, NULL, NULL),
(172, 58, 4, NULL, NULL),
(173, 58, 11, NULL, NULL),
(174, 58, 15, NULL, NULL),
(175, 59, 1, NULL, NULL),
(176, 59, 12, NULL, NULL),
(177, 59, 16, NULL, NULL),
(178, 60, 5, NULL, NULL),
(179, 60, 8, NULL, NULL),
(180, 60, 17, NULL, NULL),
(181, 61, 4, NULL, NULL),
(182, 61, 7, NULL, NULL),
(183, 61, 18, NULL, NULL),
(184, 62, 3, NULL, NULL),
(185, 62, 9, NULL, NULL),
(186, 62, 17, NULL, NULL),
(187, 63, 2, NULL, NULL),
(188, 63, 6, NULL, NULL),
(189, 63, 15, NULL, NULL),
(190, 64, 3, NULL, NULL),
(191, 64, 6, NULL, NULL),
(192, 64, 19, NULL, NULL),
(193, 65, 1, NULL, NULL),
(194, 65, 6, NULL, NULL),
(195, 65, 20, NULL, NULL),
(196, 66, 1, NULL, NULL),
(197, 66, 7, NULL, NULL),
(198, 66, 20, NULL, NULL),
(199, 67, 2, NULL, NULL),
(200, 67, 9, NULL, NULL),
(201, 67, 20, NULL, NULL),
(202, 68, 4, NULL, NULL),
(203, 68, 11, NULL, NULL),
(204, 68, 15, NULL, NULL),
(205, 69, 5, NULL, NULL),
(206, 69, 8, NULL, NULL),
(207, 69, 15, NULL, NULL),
(208, 70, 1, NULL, NULL),
(209, 70, 11, NULL, NULL),
(210, 70, 16, NULL, NULL),
(211, 71, 1, NULL, NULL),
(212, 71, 8, NULL, NULL),
(213, 71, 20, NULL, NULL),
(214, 72, 2, NULL, NULL),
(215, 72, 7, NULL, NULL),
(216, 72, 17, NULL, NULL),
(217, 73, 1, NULL, NULL),
(218, 73, 6, NULL, NULL),
(219, 73, 17, NULL, NULL),
(220, 74, 1, NULL, NULL),
(221, 74, 6, NULL, NULL),
(222, 74, 18, NULL, NULL),
(223, 75, 2, NULL, NULL),
(224, 75, 10, NULL, NULL),
(225, 75, 15, NULL, NULL),
(226, 76, 2, NULL, NULL),
(227, 76, 14, NULL, NULL),
(228, 76, 16, NULL, NULL),
(229, 77, 5, NULL, NULL),
(230, 77, 6, NULL, NULL),
(231, 77, 15, NULL, NULL),
(232, 78, 5, NULL, NULL),
(233, 78, 7, NULL, NULL),
(234, 78, 17, NULL, NULL),
(235, 79, 4, NULL, NULL),
(236, 79, 11, NULL, NULL),
(237, 79, 18, NULL, NULL),
(238, 80, 2, NULL, NULL),
(239, 80, 10, NULL, NULL),
(240, 80, 16, NULL, NULL),
(241, 81, 2, NULL, NULL),
(242, 81, 8, NULL, NULL),
(243, 81, 17, NULL, NULL),
(244, 82, 5, NULL, NULL),
(245, 82, 9, NULL, NULL),
(246, 82, 16, NULL, NULL),
(247, 83, 1, NULL, NULL),
(248, 83, 9, NULL, NULL),
(249, 83, 15, NULL, NULL),
(250, 84, 4, NULL, NULL),
(251, 84, 12, NULL, NULL),
(252, 84, 20, NULL, NULL),
(253, 85, 2, NULL, NULL),
(254, 85, 11, NULL, NULL),
(255, 85, 19, NULL, NULL),
(256, 86, 1, NULL, NULL),
(257, 86, 10, NULL, NULL),
(258, 86, 17, NULL, NULL),
(259, 87, 3, NULL, NULL),
(260, 87, 8, NULL, NULL),
(261, 87, 16, NULL, NULL),
(262, 88, 1, NULL, NULL),
(263, 88, 8, NULL, NULL),
(264, 88, 15, NULL, NULL),
(265, 89, 5, NULL, NULL),
(266, 89, 14, NULL, NULL),
(267, 89, 16, NULL, NULL),
(268, 90, 5, NULL, NULL),
(269, 90, 11, NULL, NULL),
(270, 90, 16, NULL, NULL),
(271, 91, 2, NULL, NULL),
(272, 91, 7, NULL, NULL),
(273, 91, 17, NULL, NULL),
(274, 92, 2, NULL, NULL),
(275, 92, 6, NULL, NULL),
(276, 92, 17, NULL, NULL),
(277, 93, 2, NULL, NULL),
(278, 93, 7, NULL, NULL),
(279, 93, 17, NULL, NULL),
(280, 94, 1, NULL, NULL),
(281, 94, 11, NULL, NULL),
(282, 94, 16, NULL, NULL),
(283, 95, 3, NULL, NULL),
(284, 95, 11, NULL, NULL),
(285, 95, 15, NULL, NULL),
(286, 96, 3, NULL, NULL),
(287, 96, 12, NULL, NULL),
(288, 96, 18, NULL, NULL),
(289, 97, 2, NULL, NULL),
(290, 97, 9, NULL, NULL),
(291, 97, 16, NULL, NULL),
(292, 98, 1, NULL, NULL),
(293, 98, 13, NULL, NULL),
(294, 98, 20, NULL, NULL),
(295, 99, 4, NULL, NULL),
(296, 99, 8, NULL, NULL),
(297, 99, 15, NULL, NULL),
(298, 100, 3, NULL, NULL),
(299, 100, 8, NULL, NULL),
(300, 100, 15, NULL, NULL),
(301, 101, 1, NULL, NULL),
(302, 101, 6, NULL, NULL),
(303, 101, 16, NULL, NULL),
(304, 102, 1, NULL, NULL),
(305, 102, 14, NULL, NULL),
(306, 102, 16, NULL, NULL),
(307, 103, 1, NULL, NULL),
(308, 103, 12, NULL, NULL),
(309, 103, 18, NULL, NULL),
(310, 104, 5, NULL, NULL),
(311, 104, 7, NULL, NULL),
(312, 104, 19, NULL, NULL),
(313, 105, 3, NULL, NULL),
(314, 105, 11, NULL, NULL),
(315, 105, 18, NULL, NULL),
(316, 106, 1, NULL, NULL),
(317, 106, 8, NULL, NULL),
(318, 106, 16, NULL, NULL),
(319, 107, 1, NULL, NULL),
(320, 107, 13, NULL, NULL),
(321, 107, 17, NULL, NULL),
(322, 108, 1, NULL, NULL),
(323, 108, 10, NULL, NULL),
(324, 108, 15, NULL, NULL),
(325, 109, 4, NULL, NULL),
(326, 109, 10, NULL, NULL),
(327, 109, 18, NULL, NULL),
(328, 110, 2, NULL, NULL),
(329, 110, 11, NULL, NULL),
(330, 110, 19, NULL, NULL),
(331, 111, 3, NULL, NULL),
(332, 111, 6, NULL, NULL),
(333, 111, 19, NULL, NULL),
(334, 112, 4, NULL, NULL),
(335, 112, 13, NULL, NULL),
(336, 112, 20, NULL, NULL),
(337, 113, 4, NULL, NULL),
(338, 113, 6, NULL, NULL),
(339, 113, 17, NULL, NULL),
(340, 114, 5, NULL, NULL),
(341, 114, 8, NULL, NULL),
(342, 114, 18, NULL, NULL),
(343, 115, 2, NULL, NULL),
(344, 115, 7, NULL, NULL),
(345, 115, 18, NULL, NULL),
(346, 116, 5, NULL, NULL),
(347, 116, 6, NULL, NULL),
(348, 116, 18, NULL, NULL),
(349, 117, 4, NULL, NULL),
(350, 117, 13, NULL, NULL),
(351, 117, 19, NULL, NULL),
(352, 118, 1, NULL, NULL),
(353, 118, 14, NULL, NULL),
(354, 118, 20, NULL, NULL),
(355, 119, 1, NULL, NULL),
(356, 119, 12, NULL, NULL),
(357, 119, 15, NULL, NULL),
(358, 120, 1, NULL, NULL),
(359, 120, 14, NULL, NULL),
(360, 120, 16, NULL, NULL),
(361, 121, 3, NULL, NULL),
(362, 121, 14, NULL, NULL),
(363, 121, 16, NULL, NULL),
(364, 122, 5, NULL, NULL),
(365, 122, 14, NULL, NULL),
(366, 122, 16, NULL, NULL),
(367, 123, 4, NULL, NULL),
(368, 123, 10, NULL, NULL),
(369, 123, 20, NULL, NULL),
(370, 124, 4, NULL, NULL),
(371, 124, 8, NULL, NULL),
(372, 124, 15, NULL, NULL),
(373, 125, 2, NULL, NULL),
(374, 125, 7, NULL, NULL),
(375, 125, 19, NULL, NULL),
(376, 126, 3, NULL, NULL),
(377, 126, 7, NULL, NULL),
(378, 126, 15, NULL, NULL),
(379, 127, 5, NULL, NULL),
(380, 127, 14, NULL, NULL),
(381, 127, 18, NULL, NULL),
(382, 128, 2, NULL, NULL),
(383, 128, 12, NULL, NULL),
(384, 128, 15, NULL, NULL),
(385, 129, 5, NULL, NULL),
(386, 129, 10, NULL, NULL),
(387, 129, 15, NULL, NULL),
(388, 130, 2, NULL, NULL),
(389, 130, 12, NULL, NULL),
(390, 130, 18, NULL, NULL),
(391, 131, 3, NULL, NULL),
(392, 131, 6, NULL, NULL),
(393, 131, 19, NULL, NULL),
(394, 132, 1, NULL, NULL),
(395, 132, 8, NULL, NULL),
(396, 132, 19, NULL, NULL),
(397, 133, 3, NULL, NULL),
(398, 133, 12, NULL, NULL),
(399, 133, 20, NULL, NULL),
(400, 134, 1, NULL, NULL),
(401, 134, 11, NULL, NULL),
(402, 134, 16, NULL, NULL),
(403, 135, 3, NULL, NULL),
(404, 135, 6, NULL, NULL),
(405, 135, 18, NULL, NULL),
(406, 136, 3, NULL, NULL),
(407, 136, 10, NULL, NULL),
(408, 136, 19, NULL, NULL),
(409, 137, 1, NULL, NULL),
(410, 137, 6, NULL, NULL),
(411, 137, 16, NULL, NULL),
(412, 138, 1, NULL, NULL),
(413, 138, 13, NULL, NULL),
(414, 138, 19, NULL, NULL),
(415, 139, 1, NULL, NULL),
(416, 139, 6, NULL, NULL),
(417, 139, 15, NULL, NULL),
(418, 140, 5, NULL, NULL),
(419, 140, 9, NULL, NULL),
(420, 140, 19, NULL, NULL),
(421, 141, 5, NULL, NULL),
(422, 141, 14, NULL, NULL),
(423, 141, 18, NULL, NULL),
(424, 142, 4, NULL, NULL),
(425, 142, 9, NULL, NULL),
(426, 142, 20, NULL, NULL),
(427, 143, 4, NULL, NULL),
(428, 143, 9, NULL, NULL),
(429, 143, 17, NULL, NULL),
(430, 144, 1, NULL, NULL),
(431, 144, 10, NULL, NULL),
(432, 144, 17, NULL, NULL),
(433, 145, 3, NULL, NULL),
(434, 145, 12, NULL, NULL),
(435, 145, 20, NULL, NULL),
(436, 146, 5, NULL, NULL),
(437, 146, 9, NULL, NULL),
(438, 146, 19, NULL, NULL),
(439, 147, 4, NULL, NULL),
(440, 147, 13, NULL, NULL),
(441, 147, 17, NULL, NULL),
(442, 148, 5, NULL, NULL),
(443, 148, 13, NULL, NULL),
(444, 148, 16, NULL, NULL),
(445, 149, 3, NULL, NULL),
(446, 149, 14, NULL, NULL),
(447, 149, 20, NULL, NULL),
(448, 150, 5, NULL, NULL),
(449, 150, 13, NULL, NULL),
(450, 150, 17, NULL, NULL),
(451, 151, 1, NULL, NULL),
(452, 151, 14, NULL, NULL),
(453, 151, 16, NULL, NULL),
(454, 152, 1, NULL, NULL),
(455, 152, 14, NULL, NULL),
(456, 152, 16, NULL, NULL),
(457, 153, 2, NULL, NULL),
(458, 153, 13, NULL, NULL),
(459, 153, 18, NULL, NULL),
(460, 154, 5, NULL, NULL),
(461, 154, 12, NULL, NULL),
(462, 154, 16, NULL, NULL),
(463, 155, 3, NULL, NULL),
(464, 155, 11, NULL, NULL),
(465, 155, 20, NULL, NULL),
(466, 156, 5, NULL, NULL),
(467, 156, 13, NULL, NULL),
(468, 156, 19, NULL, NULL),
(469, 157, 3, NULL, NULL),
(470, 157, 14, NULL, NULL),
(471, 157, 16, NULL, NULL),
(472, 158, 5, NULL, NULL),
(473, 158, 7, NULL, NULL),
(474, 158, 18, NULL, NULL),
(475, 159, 5, NULL, NULL),
(476, 159, 8, NULL, NULL),
(477, 159, 17, NULL, NULL),
(478, 160, 1, NULL, NULL),
(479, 160, 6, NULL, NULL),
(480, 160, 18, NULL, NULL),
(481, 161, 5, NULL, NULL),
(482, 161, 11, NULL, NULL),
(483, 161, 16, NULL, NULL),
(484, 162, 1, NULL, NULL),
(485, 162, 7, NULL, NULL),
(486, 162, 16, NULL, NULL),
(487, 163, 4, NULL, NULL),
(488, 163, 12, NULL, NULL),
(489, 163, 19, NULL, NULL),
(490, 164, 3, NULL, NULL),
(491, 164, 12, NULL, NULL),
(492, 164, 16, NULL, NULL),
(493, 165, 3, NULL, NULL),
(494, 165, 8, NULL, NULL),
(495, 165, 19, NULL, NULL),
(496, 166, 4, NULL, NULL),
(497, 166, 11, NULL, NULL),
(498, 166, 15, NULL, NULL),
(499, 167, 1, NULL, NULL),
(500, 167, 9, NULL, NULL),
(501, 167, 15, NULL, NULL),
(502, 168, 5, NULL, NULL),
(503, 168, 7, NULL, NULL),
(504, 168, 19, NULL, NULL),
(505, 169, 1, NULL, NULL),
(506, 169, 8, NULL, NULL),
(507, 169, 16, NULL, NULL),
(508, 170, 1, NULL, NULL),
(509, 170, 13, NULL, NULL),
(510, 170, 15, NULL, NULL),
(511, 171, 4, NULL, NULL),
(512, 171, 7, NULL, NULL),
(513, 171, 16, NULL, NULL),
(514, 172, 4, NULL, NULL),
(515, 172, 11, NULL, NULL),
(516, 172, 16, NULL, NULL),
(517, 173, 2, NULL, NULL),
(518, 173, 7, NULL, NULL),
(519, 173, 20, NULL, NULL),
(520, 174, 5, NULL, NULL),
(521, 174, 10, NULL, NULL),
(522, 174, 15, NULL, NULL),
(523, 175, 2, NULL, NULL),
(524, 175, 11, NULL, NULL),
(525, 175, 17, NULL, NULL),
(526, 176, 2, NULL, NULL),
(527, 176, 10, NULL, NULL),
(528, 176, 19, NULL, NULL),
(529, 177, 4, NULL, NULL),
(530, 177, 7, NULL, NULL),
(531, 177, 19, NULL, NULL),
(532, 178, 5, NULL, NULL),
(533, 178, 14, NULL, NULL),
(534, 178, 20, NULL, NULL),
(535, 179, 3, NULL, NULL),
(536, 179, 10, NULL, NULL),
(537, 179, 18, NULL, NULL),
(538, 180, 4, NULL, NULL),
(539, 180, 14, NULL, NULL),
(540, 180, 19, NULL, NULL),
(541, 181, 3, NULL, NULL),
(542, 181, 14, NULL, NULL),
(543, 181, 18, NULL, NULL),
(544, 182, 4, NULL, NULL),
(545, 182, 6, NULL, NULL),
(546, 182, 18, NULL, NULL),
(547, 183, 3, NULL, NULL),
(548, 183, 7, NULL, NULL),
(549, 183, 20, NULL, NULL),
(550, 184, 1, NULL, NULL),
(551, 184, 9, NULL, NULL),
(552, 184, 15, NULL, NULL),
(553, 185, 4, NULL, NULL),
(554, 185, 10, NULL, NULL),
(555, 185, 16, NULL, NULL),
(556, 186, 4, NULL, NULL),
(557, 186, 14, NULL, NULL),
(558, 186, 15, NULL, NULL),
(559, 187, 4, NULL, NULL),
(560, 187, 12, NULL, NULL),
(561, 187, 16, NULL, NULL),
(562, 188, 1, NULL, NULL),
(563, 188, 13, NULL, NULL),
(564, 188, 16, NULL, NULL),
(565, 189, 2, NULL, NULL),
(566, 189, 11, NULL, NULL),
(567, 189, 16, NULL, NULL),
(568, 190, 1, NULL, NULL),
(569, 190, 10, NULL, NULL),
(570, 190, 16, NULL, NULL),
(571, 191, 1, NULL, NULL),
(572, 191, 9, NULL, NULL),
(573, 191, 18, NULL, NULL),
(574, 192, 4, NULL, NULL),
(575, 192, 13, NULL, NULL),
(576, 192, 20, NULL, NULL),
(577, 193, 1, NULL, NULL),
(578, 193, 10, NULL, NULL),
(579, 193, 19, NULL, NULL),
(580, 194, 5, NULL, NULL),
(581, 194, 13, NULL, NULL),
(582, 194, 19, NULL, NULL),
(583, 195, 2, NULL, NULL),
(584, 195, 7, NULL, NULL),
(585, 195, 15, NULL, NULL),
(586, 196, 5, NULL, NULL),
(587, 196, 10, NULL, NULL),
(588, 196, 19, NULL, NULL),
(589, 197, 4, NULL, NULL),
(590, 197, 12, NULL, NULL),
(591, 197, 15, NULL, NULL),
(592, 198, 3, NULL, NULL),
(593, 198, 6, NULL, NULL),
(594, 198, 20, NULL, NULL),
(595, 199, 2, NULL, NULL),
(596, 199, 10, NULL, NULL),
(597, 199, 20, NULL, NULL),
(598, 200, 2, NULL, NULL),
(599, 200, 8, NULL, NULL),
(600, 200, 18, NULL, NULL),
(601, 201, 4, NULL, NULL),
(602, 201, 9, NULL, NULL),
(603, 201, 18, NULL, NULL),
(604, 202, 5, NULL, NULL),
(605, 202, 7, NULL, NULL),
(606, 202, 16, NULL, NULL),
(607, 203, 3, NULL, NULL),
(608, 203, 7, NULL, NULL),
(609, 203, 19, NULL, NULL),
(610, 204, 2, NULL, NULL),
(611, 204, 8, NULL, NULL),
(612, 204, 19, NULL, NULL),
(613, 205, 2, NULL, NULL),
(614, 205, 8, NULL, NULL),
(615, 205, 17, NULL, NULL),
(616, 206, 1, NULL, NULL),
(617, 206, 14, NULL, NULL),
(618, 206, 15, NULL, NULL),
(619, 207, 1, NULL, NULL),
(620, 207, 12, NULL, NULL),
(621, 207, 20, NULL, NULL),
(622, 208, 2, NULL, NULL),
(623, 208, 14, NULL, NULL),
(624, 208, 15, NULL, NULL),
(625, 209, 2, NULL, NULL),
(626, 209, 10, NULL, NULL),
(627, 209, 20, NULL, NULL),
(628, 210, 4, NULL, NULL),
(629, 210, 14, NULL, NULL),
(630, 210, 19, NULL, NULL),
(631, 211, 4, NULL, NULL),
(632, 211, 14, NULL, NULL),
(633, 211, 16, NULL, NULL),
(634, 212, 3, NULL, NULL),
(635, 212, 9, NULL, NULL),
(636, 212, 16, NULL, NULL),
(637, 213, 5, NULL, NULL),
(638, 213, 12, NULL, NULL),
(639, 213, 18, NULL, NULL),
(640, 214, 2, NULL, NULL),
(641, 214, 11, NULL, NULL),
(642, 214, 19, NULL, NULL),
(643, 215, 2, NULL, NULL),
(644, 215, 8, NULL, NULL),
(645, 215, 20, NULL, NULL),
(646, 216, 4, NULL, NULL),
(647, 216, 7, NULL, NULL),
(648, 216, 20, NULL, NULL),
(649, 217, 2, NULL, NULL),
(650, 217, 6, NULL, NULL),
(651, 217, 16, NULL, NULL),
(652, 218, 3, NULL, NULL),
(653, 218, 9, NULL, NULL),
(654, 218, 19, NULL, NULL),
(655, 219, 2, NULL, NULL),
(656, 219, 11, NULL, NULL),
(657, 219, 20, NULL, NULL),
(658, 220, 1, NULL, NULL),
(659, 220, 7, NULL, NULL),
(660, 220, 18, NULL, NULL),
(661, 221, 2, NULL, NULL),
(662, 221, 7, NULL, NULL),
(663, 221, 18, NULL, NULL),
(664, 222, 1, NULL, NULL),
(665, 222, 7, NULL, NULL),
(666, 222, 18, NULL, NULL),
(667, 223, 4, NULL, NULL),
(668, 223, 9, NULL, NULL),
(669, 223, 16, NULL, NULL),
(670, 224, 1, NULL, NULL),
(671, 224, 14, NULL, NULL),
(672, 224, 16, NULL, NULL),
(673, 225, 5, NULL, NULL),
(674, 225, 8, NULL, NULL),
(675, 225, 18, NULL, NULL),
(676, 226, 4, NULL, NULL),
(677, 226, 6, NULL, NULL),
(678, 226, 15, NULL, NULL),
(679, 227, 1, NULL, NULL),
(680, 227, 11, NULL, NULL),
(681, 227, 20, NULL, NULL),
(682, 228, 1, NULL, NULL),
(683, 228, 12, NULL, NULL),
(684, 228, 15, NULL, NULL),
(685, 229, 2, NULL, NULL),
(686, 229, 14, NULL, NULL),
(687, 229, 19, NULL, NULL),
(688, 230, 1, NULL, NULL),
(689, 230, 13, NULL, NULL),
(690, 230, 17, NULL, NULL),
(691, 231, 4, NULL, NULL),
(692, 231, 10, NULL, NULL),
(693, 231, 15, NULL, NULL),
(694, 232, 3, NULL, NULL),
(695, 232, 13, NULL, NULL),
(696, 232, 16, NULL, NULL),
(697, 233, 3, NULL, NULL),
(698, 233, 10, NULL, NULL),
(699, 233, 16, NULL, NULL),
(700, 234, 3, NULL, NULL),
(701, 234, 13, NULL, NULL),
(702, 234, 17, NULL, NULL),
(703, 235, 4, NULL, NULL),
(704, 235, 6, NULL, NULL),
(705, 235, 18, NULL, NULL),
(706, 236, 4, NULL, NULL),
(707, 236, 8, NULL, NULL),
(708, 236, 20, NULL, NULL),
(709, 237, 3, NULL, NULL),
(710, 237, 8, NULL, NULL),
(711, 237, 18, NULL, NULL),
(712, 238, 1, NULL, NULL),
(713, 238, 13, NULL, NULL),
(714, 238, 20, NULL, NULL),
(715, 239, 3, NULL, NULL),
(716, 239, 11, NULL, NULL),
(717, 239, 18, NULL, NULL),
(718, 240, 1, NULL, NULL),
(719, 240, 13, NULL, NULL),
(720, 240, 16, NULL, NULL),
(721, 241, 1, NULL, NULL),
(722, 241, 12, NULL, NULL),
(723, 241, 18, NULL, NULL),
(724, 242, 2, NULL, NULL),
(725, 242, 7, NULL, NULL),
(726, 242, 18, NULL, NULL),
(727, 243, 2, NULL, NULL),
(728, 243, 8, NULL, NULL),
(729, 243, 15, NULL, NULL),
(730, 244, 2, NULL, NULL),
(731, 244, 8, NULL, NULL),
(732, 244, 17, NULL, NULL),
(733, 245, 5, NULL, NULL),
(734, 245, 10, NULL, NULL),
(735, 245, 20, NULL, NULL),
(736, 246, 4, NULL, NULL),
(737, 246, 11, NULL, NULL),
(738, 246, 20, NULL, NULL),
(739, 247, 3, NULL, NULL),
(740, 247, 7, NULL, NULL),
(741, 247, 16, NULL, NULL),
(742, 248, 3, NULL, NULL),
(743, 248, 8, NULL, NULL),
(744, 248, 18, NULL, NULL),
(745, 249, 2, NULL, NULL),
(746, 249, 10, NULL, NULL),
(747, 249, 19, NULL, NULL),
(748, 250, 1, NULL, NULL),
(749, 250, 9, NULL, NULL),
(750, 250, 16, NULL, NULL),
(751, 251, 1, NULL, NULL),
(752, 251, 9, NULL, NULL),
(753, 251, 20, NULL, NULL),
(754, 252, 5, NULL, NULL),
(755, 252, 13, NULL, NULL),
(756, 252, 20, NULL, NULL),
(757, 253, 4, NULL, NULL),
(758, 253, 11, NULL, NULL),
(759, 253, 16, NULL, NULL),
(760, 254, 1, NULL, NULL),
(761, 254, 7, NULL, NULL),
(762, 254, 20, NULL, NULL),
(763, 255, 4, NULL, NULL),
(764, 255, 8, NULL, NULL),
(765, 255, 16, NULL, NULL),
(766, 256, 3, NULL, NULL),
(767, 256, 10, NULL, NULL),
(768, 256, 16, NULL, NULL),
(769, 257, 1, NULL, NULL),
(770, 257, 14, NULL, NULL),
(771, 257, 20, NULL, NULL),
(772, 258, 2, NULL, NULL),
(773, 258, 10, NULL, NULL),
(774, 258, 17, NULL, NULL),
(775, 259, 3, NULL, NULL),
(776, 259, 13, NULL, NULL),
(777, 259, 15, NULL, NULL),
(778, 260, 1, NULL, NULL),
(779, 260, 8, NULL, NULL),
(780, 260, 16, NULL, NULL),
(781, 261, 2, NULL, NULL),
(782, 261, 7, NULL, NULL),
(783, 261, 20, NULL, NULL),
(784, 262, 3, NULL, NULL),
(785, 262, 14, NULL, NULL),
(786, 262, 20, NULL, NULL),
(787, 263, 3, NULL, NULL),
(788, 263, 9, NULL, NULL),
(789, 263, 18, NULL, NULL),
(790, 264, 3, NULL, NULL),
(791, 264, 11, NULL, NULL),
(792, 264, 19, NULL, NULL),
(793, 265, 4, NULL, NULL),
(794, 265, 9, NULL, NULL),
(795, 265, 17, NULL, NULL),
(796, 266, 1, NULL, NULL),
(797, 266, 14, NULL, NULL),
(798, 266, 16, NULL, NULL),
(799, 267, 2, NULL, NULL),
(800, 267, 12, NULL, NULL),
(801, 267, 19, NULL, NULL),
(802, 268, 5, NULL, NULL),
(803, 268, 12, NULL, NULL),
(804, 268, 16, NULL, NULL),
(805, 269, 1, NULL, NULL),
(806, 269, 7, NULL, NULL),
(807, 269, 20, NULL, NULL),
(808, 270, 1, NULL, NULL),
(809, 270, 7, NULL, NULL),
(810, 270, 18, NULL, NULL),
(811, 271, 1, NULL, NULL),
(812, 271, 10, NULL, NULL),
(813, 271, 19, NULL, NULL),
(814, 272, 5, NULL, NULL),
(815, 272, 14, NULL, NULL),
(816, 272, 16, NULL, NULL),
(817, 273, 3, NULL, NULL),
(818, 273, 14, NULL, NULL),
(819, 273, 18, NULL, NULL),
(820, 274, 4, NULL, NULL),
(821, 274, 13, NULL, NULL),
(822, 274, 16, NULL, NULL),
(823, 275, 2, NULL, NULL),
(824, 275, 9, NULL, NULL),
(825, 275, 17, NULL, NULL),
(826, 276, 4, NULL, NULL),
(827, 276, 10, NULL, NULL),
(828, 276, 18, NULL, NULL),
(829, 277, 1, NULL, NULL),
(830, 277, 6, NULL, NULL),
(831, 277, 19, NULL, NULL),
(832, 278, 1, NULL, NULL),
(833, 278, 14, NULL, NULL),
(834, 278, 19, NULL, NULL),
(835, 279, 5, NULL, NULL),
(836, 279, 14, NULL, NULL),
(837, 279, 15, NULL, NULL),
(838, 280, 5, NULL, NULL),
(839, 280, 13, NULL, NULL),
(840, 280, 15, NULL, NULL),
(841, 281, 4, NULL, NULL),
(842, 281, 13, NULL, NULL),
(843, 281, 17, NULL, NULL),
(844, 282, 3, NULL, NULL),
(845, 282, 11, NULL, NULL),
(846, 282, 18, NULL, NULL),
(847, 283, 3, NULL, NULL),
(848, 283, 6, NULL, NULL),
(849, 283, 16, NULL, NULL),
(850, 284, 4, NULL, NULL),
(851, 284, 14, NULL, NULL),
(852, 284, 20, NULL, NULL),
(853, 285, 3, NULL, NULL),
(854, 285, 14, NULL, NULL),
(855, 285, 17, NULL, NULL),
(856, 286, 5, NULL, NULL),
(857, 286, 11, NULL, NULL),
(858, 286, 20, NULL, NULL),
(859, 287, 1, NULL, NULL),
(860, 287, 6, NULL, NULL),
(861, 287, 18, NULL, NULL),
(862, 288, 4, NULL, NULL),
(863, 288, 9, NULL, NULL),
(864, 288, 16, NULL, NULL),
(865, 289, 3, NULL, NULL),
(866, 289, 10, NULL, NULL),
(867, 289, 18, NULL, NULL),
(868, 290, 4, NULL, NULL),
(869, 290, 9, NULL, NULL),
(870, 290, 17, NULL, NULL),
(871, 291, 1, NULL, NULL),
(872, 291, 14, NULL, NULL),
(873, 291, 18, NULL, NULL),
(874, 292, 1, NULL, NULL),
(875, 292, 7, NULL, NULL),
(876, 292, 17, NULL, NULL),
(877, 293, 4, NULL, NULL),
(878, 293, 7, NULL, NULL),
(879, 293, 16, NULL, NULL),
(880, 294, 4, NULL, NULL),
(881, 294, 10, NULL, NULL),
(882, 294, 17, NULL, NULL),
(883, 295, 4, NULL, NULL),
(884, 295, 6, NULL, NULL),
(885, 295, 18, NULL, NULL),
(886, 296, 3, NULL, NULL),
(887, 296, 13, NULL, NULL),
(888, 296, 16, NULL, NULL),
(889, 297, 2, NULL, NULL),
(890, 297, 7, NULL, NULL),
(891, 297, 20, NULL, NULL),
(892, 298, 3, NULL, NULL),
(893, 298, 9, NULL, NULL),
(894, 298, 16, NULL, NULL),
(895, 299, 2, NULL, NULL),
(896, 299, 9, NULL, NULL),
(897, 299, 17, NULL, NULL),
(898, 300, 1, NULL, NULL),
(899, 300, 10, NULL, NULL),
(900, 300, 16, NULL, NULL);

-- --------------------------------------------------------

--
-- Estructura de tabla para la tabla `tags`
--

CREATE TABLE IF NOT EXISTS `tags` (
  `id` int(10) unsigned NOT NULL,
  `name` varchar(128) COLLATE utf8mb4_unicode_ci NOT NULL,
  `slug` varchar(128) COLLATE utf8mb4_unicode_ci NOT NULL,
  `created_at` timestamp NULL DEFAULT NULL,
  `updated_at` timestamp NULL DEFAULT NULL
) ENGINE=InnoDB AUTO_INCREMENT=21 DEFAULT CHARSET=utf8mb4 COLLATE=utf8mb4_unicode_ci;

--
-- Volcado de datos para la tabla `tags`
--

INSERT INTO `tags` (`id`, `name`, `slug`, `created_at`, `updated_at`) VALUES
(1, 'natus', 'natus', '2017-11-28 19:13:00', '2017-11-28 19:13:00'),
(2, 'aut', 'aut', '2017-11-28 19:13:01', '2017-11-28 19:13:01'),
(3, 'sit', 'sit', '2017-11-28 19:13:01', '2017-11-28 19:13:01'),
(4, 'hic', 'hic', '2017-11-28 19:13:01', '2017-11-28 19:13:01'),
(5, 'itaque', 'itaque', '2017-11-28 19:13:01', '2017-11-28 19:13:01'),
(6, 'et', 'et', '2017-11-28 19:13:01', '2017-11-28 19:13:01'),
(7, 'in', 'in', '2017-11-28 19:13:01', '2017-11-28 19:13:01'),
(8, 'animi', 'animi', '2017-11-28 19:13:01', '2017-11-28 19:13:01'),
(9, 'voluptatem', 'voluptatem', '2017-11-28 19:13:01', '2017-11-28 19:13:01'),
(10, 'modi', 'modi', '2017-11-28 19:13:01', '2017-11-28 19:13:01'),
(11, 'sapiente', 'sapiente', '2017-11-28 19:13:01', '2017-11-28 19:13:01'),
(12, 'ipsa', 'ipsa', '2017-11-28 19:13:01', '2017-11-28 19:13:01'),
(13, 'voluptas', 'voluptas', '2017-11-28 19:13:01', '2017-11-28 19:13:01'),
(14, 'maiores', 'maiores', '2017-11-28 19:13:01', '2017-11-28 19:13:01'),
(15, 'eaque', 'eaque', '2017-11-28 19:13:01', '2017-11-28 19:13:01'),
(16, 'fuga', 'fuga', '2017-11-28 19:13:01', '2017-11-28 19:13:01'),
(17, 'vero', 'vero', '2017-11-28 19:13:01', '2017-11-28 19:13:01'),
(18, 'ut', 'ut', '2017-11-28 19:13:01', '2017-11-28 19:13:01'),
(19, 'consequatur', 'consequatur', '2017-11-28 19:13:01', '2017-11-28 19:13:01'),
(20, 'quibusdam', 'quibusdam', '2017-11-28 19:13:01', '2017-11-28 19:13:01');

-- --------------------------------------------------------

--
-- Estructura de tabla para la tabla `users`
--

CREATE TABLE IF NOT EXISTS `users` (
  `id` int(10) unsigned NOT NULL,
  `name` varchar(255) COLLATE utf8mb4_unicode_ci NOT NULL,
  `email` varchar(128) COLLATE utf8mb4_unicode_ci NOT NULL,
  `password` varchar(255) COLLATE utf8mb4_unicode_ci NOT NULL,
  `remember_token` varchar(100) COLLATE utf8mb4_unicode_ci DEFAULT NULL,
  `created_at` timestamp NULL DEFAULT NULL,
  `updated_at` timestamp NULL DEFAULT NULL
) ENGINE=InnoDB AUTO_INCREMENT=31 DEFAULT CHARSET=utf8mb4 COLLATE=utf8mb4_unicode_ci;

--
-- Volcado de datos para la tabla `users`
--

INSERT INTO `users` (`id`, `name`, `email`, `password`, `remember_token`, `created_at`, `updated_at`) VALUES
(1, 'Zane Bins', 'leta.boyle@example.net', '$2y$10$dPApJzBaN1Dtuan/lX9ah.OloxlC/h0qY4cmHm54wJUm6ZfKmC7gy', 'P0oZJp1NOD', '2017-11-28 19:12:58', '2017-11-28 19:12:58'),
(2, 'Amani Zulauf Jr.', 'ryann.nienow@example.com', '$2y$10$dPApJzBaN1Dtuan/lX9ah.OloxlC/h0qY4cmHm54wJUm6ZfKmC7gy', 'o1JY8QiUq5', '2017-11-28 19:12:58', '2017-11-28 19:12:58'),
(3, 'Mafalda Wehner', 'skling@example.org', '$2y$10$dPApJzBaN1Dtuan/lX9ah.OloxlC/h0qY4cmHm54wJUm6ZfKmC7gy', 'seU6CYH58y', '2017-11-28 19:12:58', '2017-11-28 19:12:58'),
(4, 'Kaleb Ratke V', 'lawson34@example.com', '$2y$10$dPApJzBaN1Dtuan/lX9ah.OloxlC/h0qY4cmHm54wJUm6ZfKmC7gy', '7oAjO4H5CI', '2017-11-28 19:12:59', '2017-11-28 19:12:59'),
(5, 'Beryl Bauch', 'kihn.joel@example.net', '$2y$10$dPApJzBaN1Dtuan/lX9ah.OloxlC/h0qY4cmHm54wJUm6ZfKmC7gy', 'GySFZRP7Jj', '2017-11-28 19:12:59', '2017-11-28 19:12:59'),
(6, 'Lenna Reilly', 'ondricka.janis@example.com', '$2y$10$dPApJzBaN1Dtuan/lX9ah.OloxlC/h0qY4cmHm54wJUm6ZfKmC7gy', '5WuVEp1joi', '2017-11-28 19:12:59', '2017-11-28 19:12:59'),
(7, 'Wanda Glover MD', 'juliet37@example.net', '$2y$10$dPApJzBaN1Dtuan/lX9ah.OloxlC/h0qY4cmHm54wJUm6ZfKmC7gy', 'yEcTJsAfnh', '2017-11-28 19:12:59', '2017-11-28 19:12:59'),
(8, 'Elizabeth Christiansen', 'meggie14@example.com', '$2y$10$dPApJzBaN1Dtuan/lX9ah.OloxlC/h0qY4cmHm54wJUm6ZfKmC7gy', 'uGLZdV9XUz', '2017-11-28 19:12:59', '2017-11-28 19:12:59'),
(9, 'Adrienne Dickens', 'francesca.boehm@example.net', '$2y$10$dPApJzBaN1Dtuan/lX9ah.OloxlC/h0qY4cmHm54wJUm6ZfKmC7gy', 'bCtGp6FST6', '2017-11-28 19:12:59', '2017-11-28 19:12:59'),
(10, 'Susie Batz', 'rheaney@example.com', '$2y$10$dPApJzBaN1Dtuan/lX9ah.OloxlC/h0qY4cmHm54wJUm6ZfKmC7gy', 'qK9buTR1MD', '2017-11-28 19:12:59', '2017-11-28 19:12:59'),
(11, 'Lacy Carter DVM', 'martin.hermann@example.com', '$2y$10$dPApJzBaN1Dtuan/lX9ah.OloxlC/h0qY4cmHm54wJUm6ZfKmC7gy', 'HmUJ0BgZxC', '2017-11-28 19:12:59', '2017-11-28 19:12:59'),
(12, 'Mrs. Susana Hauck IV', 'freinger@example.net', '$2y$10$dPApJzBaN1Dtuan/lX9ah.OloxlC/h0qY4cmHm54wJUm6ZfKmC7gy', 'eyyGK53Mvx', '2017-11-28 19:12:59', '2017-11-28 19:12:59'),
(13, 'Mrs. Ila Cremin', 'rmayer@example.net', '$2y$10$dPApJzBaN1Dtuan/lX9ah.OloxlC/h0qY4cmHm54wJUm6ZfKmC7gy', 'QJLF7wzgOX', '2017-11-28 19:12:59', '2017-11-28 19:12:59'),
(14, 'Nicolette Gaylord', 'estrella49@example.net', '$2y$10$dPApJzBaN1Dtuan/lX9ah.OloxlC/h0qY4cmHm54wJUm6ZfKmC7gy', 'bJ7n6eh2MP', '2017-11-28 19:12:59', '2017-11-28 19:12:59'),
(15, 'Prof. Kyleigh Koch', 'destiney.cruickshank@example.org', '$2y$10$dPApJzBaN1Dtuan/lX9ah.OloxlC/h0qY4cmHm54wJUm6ZfKmC7gy', 'xT2GF8UDMA', '2017-11-28 19:12:59', '2017-11-28 19:12:59'),
(16, 'Miss Alayna Grimes', 'leonie.koch@example.com', '$2y$10$dPApJzBaN1Dtuan/lX9ah.OloxlC/h0qY4cmHm54wJUm6ZfKmC7gy', 'nHPe9Uje0e', '2017-11-28 19:12:59', '2017-11-28 19:12:59'),
(17, 'Greta O''Hara', 'madaline92@example.net', '$2y$10$dPApJzBaN1Dtuan/lX9ah.OloxlC/h0qY4cmHm54wJUm6ZfKmC7gy', 'VlJny6QmIB', '2017-11-28 19:12:59', '2017-11-28 19:12:59'),
(18, 'Prof. Melvina Marks IV', 'cgaylord@example.com', '$2y$10$dPApJzBaN1Dtuan/lX9ah.OloxlC/h0qY4cmHm54wJUm6ZfKmC7gy', 'DH2y4mp1mF', '2017-11-28 19:12:59', '2017-11-28 19:12:59'),
(19, 'Sandra Medhurst', 'buckridge.mina@example.net', '$2y$10$dPApJzBaN1Dtuan/lX9ah.OloxlC/h0qY4cmHm54wJUm6ZfKmC7gy', 'jA35SA0Bos', '2017-11-28 19:12:59', '2017-11-28 19:12:59'),
(20, 'Aric Schowalter', 'elouise42@example.com', '$2y$10$dPApJzBaN1Dtuan/lX9ah.OloxlC/h0qY4cmHm54wJUm6ZfKmC7gy', 'GILepM3cvh', '2017-11-28 19:12:59', '2017-11-28 19:12:59'),
(21, 'Jaylan Torp', 'mosciski.karli@example.net', '$2y$10$dPApJzBaN1Dtuan/lX9ah.OloxlC/h0qY4cmHm54wJUm6ZfKmC7gy', 'xhkbX88Aec', '2017-11-28 19:12:59', '2017-11-28 19:12:59'),
(22, 'Hester Schumm MD', 'heaven.hane@example.com', '$2y$10$dPApJzBaN1Dtuan/lX9ah.OloxlC/h0qY4cmHm54wJUm6ZfKmC7gy', 'kNBC33yHyI', '2017-11-28 19:12:59', '2017-11-28 19:12:59'),
(23, 'Prof. Greg Smith', 'goodwin.amelia@example.org', '$2y$10$dPApJzBaN1Dtuan/lX9ah.OloxlC/h0qY4cmHm54wJUm6ZfKmC7gy', 'qkZnJpkufc', '2017-11-28 19:12:59', '2017-11-28 19:12:59'),
(24, 'Olga Emard', 'ansley.leuschke@example.net', '$2y$10$dPApJzBaN1Dtuan/lX9ah.OloxlC/h0qY4cmHm54wJUm6ZfKmC7gy', 'EHdMN9IoIi', '2017-11-28 19:12:59', '2017-11-28 19:12:59'),
(25, 'Jaron Pagac', 'lonny.gleason@example.org', '$2y$10$dPApJzBaN1Dtuan/lX9ah.OloxlC/h0qY4cmHm54wJUm6ZfKmC7gy', 'CBZ9UbUDFv', '2017-11-28 19:12:59', '2017-11-28 19:12:59'),
(26, 'Herminio Hartmann', 'bcarroll@example.org', '$2y$10$dPApJzBaN1Dtuan/lX9ah.OloxlC/h0qY4cmHm54wJUm6ZfKmC7gy', 'nZB3H6iVza', '2017-11-28 19:12:59', '2017-11-28 19:12:59'),
(27, 'Maud Schoen', 'yost.pascale@example.org', '$2y$10$dPApJzBaN1Dtuan/lX9ah.OloxlC/h0qY4cmHm54wJUm6ZfKmC7gy', 'Aq9WNkx6b4', '2017-11-28 19:12:59', '2017-11-28 19:12:59'),
(28, 'Dr. Albina Krajcik', 'sgaylord@example.org', '$2y$10$dPApJzBaN1Dtuan/lX9ah.OloxlC/h0qY4cmHm54wJUm6ZfKmC7gy', 'LcMd0PqOdq', '2017-11-28 19:13:00', '2017-11-28 19:13:00'),
(29, 'Lenore Halvorson', 'marquardt.joelle@example.org', '$2y$10$dPApJzBaN1Dtuan/lX9ah.OloxlC/h0qY4cmHm54wJUm6ZfKmC7gy', 'YBvVqJtuOR', '2017-11-28 19:13:00', '2017-11-28 19:13:00'),
(30, 'Rtsen Mt', 'montero.nestor@gmail.com', '$2y$10$RfND1AS8mBFek0Fr28fCDuy0RFW/0W.3Xsp/sYQx3Sr4vDNtLm22W', NULL, '2017-11-28 19:13:00', '2017-11-28 19:13:00');

--
-- Índices para tablas volcadas
--

--
-- Indices de la tabla `categories`
--
ALTER TABLE `categories`
  ADD PRIMARY KEY (`id`),
  ADD UNIQUE KEY `categories_slug_unique` (`slug`);

--
-- Indices de la tabla `comments`
--
ALTER TABLE `comments`
  ADD PRIMARY KEY (`id`),
  ADD KEY `comments_user_id_foreign` (`user_id`),
  ADD KEY `comments_post_id_foreign` (`post_id`);

--
-- Indices de la tabla `dislikes`
--
ALTER TABLE `dislikes`
  ADD PRIMARY KEY (`id`),
  ADD KEY `dislikes_user_id_foreign` (`user_id`);

--
-- Indices de la tabla `dislike_post`
--
ALTER TABLE `dislike_post`
  ADD PRIMARY KEY (`id`),
  ADD KEY `dislike_post_dislike_id_foreign` (`dislike_id`),
  ADD KEY `dislike_post_post_id_foreign` (`post_id`);

--
-- Indices de la tabla `likes`
--
ALTER TABLE `likes`
  ADD PRIMARY KEY (`id`),
  ADD KEY `likes_user_id_foreign` (`user_id`);

--
-- Indices de la tabla `like_post`
--
ALTER TABLE `like_post`
  ADD PRIMARY KEY (`id`),
  ADD KEY `like_post_like_id_foreign` (`like_id`),
  ADD KEY `like_post_post_id_foreign` (`post_id`);

--
-- Indices de la tabla `migrations`
--
ALTER TABLE `migrations`
  ADD PRIMARY KEY (`id`);

--
-- Indices de la tabla `password_resets`
--
ALTER TABLE `password_resets`
  ADD KEY `password_resets_email_index` (`email`);

--
-- Indices de la tabla `posts`
--
ALTER TABLE `posts`
  ADD PRIMARY KEY (`id`),
  ADD UNIQUE KEY `posts_slug_unique` (`slug`),
  ADD KEY `posts_user_id_foreign` (`user_id`),
  ADD KEY `posts_category_id_foreign` (`category_id`);

--
-- Indices de la tabla `post_tag`
--
ALTER TABLE `post_tag`
  ADD PRIMARY KEY (`id`),
  ADD KEY `post_tag_post_id_foreign` (`post_id`),
  ADD KEY `post_tag_tag_id_foreign` (`tag_id`);

--
-- Indices de la tabla `tags`
--
ALTER TABLE `tags`
  ADD PRIMARY KEY (`id`),
  ADD UNIQUE KEY `tags_slug_unique` (`slug`);

--
-- Indices de la tabla `users`
--
ALTER TABLE `users`
  ADD PRIMARY KEY (`id`),
  ADD UNIQUE KEY `users_email_unique` (`email`);

--
-- AUTO_INCREMENT de las tablas volcadas
--

--
-- AUTO_INCREMENT de la tabla `categories`
--
ALTER TABLE `categories`
  MODIFY `id` int(10) unsigned NOT NULL AUTO_INCREMENT,AUTO_INCREMENT=21;
--
-- AUTO_INCREMENT de la tabla `comments`
--
ALTER TABLE `comments`
  MODIFY `id` int(10) unsigned NOT NULL AUTO_INCREMENT;
--
-- AUTO_INCREMENT de la tabla `dislikes`
--
ALTER TABLE `dislikes`
  MODIFY `id` int(10) unsigned NOT NULL AUTO_INCREMENT;
--
-- AUTO_INCREMENT de la tabla `dislike_post`
--
ALTER TABLE `dislike_post`
  MODIFY `id` int(10) unsigned NOT NULL AUTO_INCREMENT;
--
-- AUTO_INCREMENT de la tabla `likes`
--
ALTER TABLE `likes`
  MODIFY `id` int(10) unsigned NOT NULL AUTO_INCREMENT;
--
-- AUTO_INCREMENT de la tabla `like_post`
--
ALTER TABLE `like_post`
  MODIFY `id` int(10) unsigned NOT NULL AUTO_INCREMENT;
--
-- AUTO_INCREMENT de la tabla `migrations`
--
ALTER TABLE `migrations`
  MODIFY `id` int(10) unsigned NOT NULL AUTO_INCREMENT,AUTO_INCREMENT=12;
--
-- AUTO_INCREMENT de la tabla `posts`
--
ALTER TABLE `posts`
  MODIFY `id` int(10) unsigned NOT NULL AUTO_INCREMENT,AUTO_INCREMENT=301;
--
-- AUTO_INCREMENT de la tabla `post_tag`
--
ALTER TABLE `post_tag`
  MODIFY `id` int(10) unsigned NOT NULL AUTO_INCREMENT,AUTO_INCREMENT=901;
--
-- AUTO_INCREMENT de la tabla `tags`
--
ALTER TABLE `tags`
  MODIFY `id` int(10) unsigned NOT NULL AUTO_INCREMENT,AUTO_INCREMENT=21;
--
-- AUTO_INCREMENT de la tabla `users`
--
ALTER TABLE `users`
  MODIFY `id` int(10) unsigned NOT NULL AUTO_INCREMENT,AUTO_INCREMENT=31;
--
-- Restricciones para tablas volcadas
--

--
-- Filtros para la tabla `comments`
--
ALTER TABLE `comments`
  ADD CONSTRAINT `comments_post_id_foreign` FOREIGN KEY (`post_id`) REFERENCES `posts` (`id`) ON DELETE CASCADE ON UPDATE CASCADE,
  ADD CONSTRAINT `comments_user_id_foreign` FOREIGN KEY (`user_id`) REFERENCES `users` (`id`) ON DELETE CASCADE ON UPDATE CASCADE;

--
-- Filtros para la tabla `dislikes`
--
ALTER TABLE `dislikes`
  ADD CONSTRAINT `dislikes_user_id_foreign` FOREIGN KEY (`user_id`) REFERENCES `users` (`id`) ON DELETE CASCADE ON UPDATE CASCADE;

--
-- Filtros para la tabla `dislike_post`
--
ALTER TABLE `dislike_post`
  ADD CONSTRAINT `dislike_post_dislike_id_foreign` FOREIGN KEY (`dislike_id`) REFERENCES `dislikes` (`id`) ON DELETE CASCADE ON UPDATE CASCADE,
  ADD CONSTRAINT `dislike_post_post_id_foreign` FOREIGN KEY (`post_id`) REFERENCES `posts` (`id`) ON DELETE CASCADE ON UPDATE CASCADE;

--
-- Filtros para la tabla `likes`
--
ALTER TABLE `likes`
  ADD CONSTRAINT `likes_user_id_foreign` FOREIGN KEY (`user_id`) REFERENCES `users` (`id`) ON DELETE CASCADE ON UPDATE CASCADE;

--
-- Filtros para la tabla `like_post`
--
ALTER TABLE `like_post`
  ADD CONSTRAINT `like_post_like_id_foreign` FOREIGN KEY (`like_id`) REFERENCES `likes` (`id`) ON DELETE CASCADE ON UPDATE CASCADE,
  ADD CONSTRAINT `like_post_post_id_foreign` FOREIGN KEY (`post_id`) REFERENCES `posts` (`id`) ON DELETE CASCADE ON UPDATE CASCADE;

--
-- Filtros para la tabla `posts`
--
ALTER TABLE `posts`
  ADD CONSTRAINT `posts_category_id_foreign` FOREIGN KEY (`category_id`) REFERENCES `categories` (`id`) ON DELETE CASCADE ON UPDATE CASCADE,
  ADD CONSTRAINT `posts_user_id_foreign` FOREIGN KEY (`user_id`) REFERENCES `users` (`id`) ON DELETE CASCADE ON UPDATE CASCADE;

--
-- Filtros para la tabla `post_tag`
--
ALTER TABLE `post_tag`
  ADD CONSTRAINT `post_tag_post_id_foreign` FOREIGN KEY (`post_id`) REFERENCES `posts` (`id`) ON DELETE CASCADE ON UPDATE CASCADE,
  ADD CONSTRAINT `post_tag_tag_id_foreign` FOREIGN KEY (`tag_id`) REFERENCES `tags` (`id`) ON DELETE CASCADE ON UPDATE CASCADE;

/*!40101 SET CHARACTER_SET_CLIENT=@OLD_CHARACTER_SET_CLIENT */;
/*!40101 SET CHARACTER_SET_RESULTS=@OLD_CHARACTER_SET_RESULTS */;
/*!40101 SET COLLATION_CONNECTION=@OLD_COLLATION_CONNECTION */;
